acc_mag_mean,acc_mag_std,acc_mag_max,gyro_mag_mean,gyro_mag_std,gyro_mag_max,jerk_std,jerk_max_abs,harsh_event_rate,label
0.08570729345081425,0.059867300483163646,0.4017744723392715,0.0525188348920235,0.022272503322796497,0.1361889243436694,0.048276999088131364,0.35106395860567396,0.04,Calm
0.09328798056801596,0.07472841592181917,0.7617975007758124,0.049508310528814305,0.022001015284514477,0.17052298981450464,0.06300576565419745,0.7276371494819499,0.03666666666666667,Calm
0.0806543471546016,0.05762916507374128,0.5339803771954104,0.049642439682354066,0.024818906811030515,0.18628937130203455,0.05021761712293339,0.4295253357867207,0.03,Calm
0.08544585163655827,0.05949486560399256,0.5560200793932142,0.04822526030527011,0.024815064417333946,0.16451336564864594,0.0522350606182472,0.4930626113966193,0.03333333333333333,Calm
0.09146817170741199,0.06788061017224639,0.497864434400298,0.05083671093625624,0.027022218427532076,0.265586991041447,0.05644042616808592,0.44678496491841446,0.03666666666666667,Calm
0.08325802077219535,0.05845484457903188,0.6312057849713196,0.049863911634885016,0.025373476163834067,0.2191496537051587,0.05409734719941011,0.5730307427291262,0.02666666666666667,Calm
0.07544897983305197,0.04189434912675266,0.2547013905129712,0.04764111326484839,0.021311045088123582,0.11794082897511292,0.04021796977484161,0.1367736243692394,0.043333333333333335,Calm
0.07883464941912789,0.05448239286369044,0.4851846206767882,0.05086987725579585,0.02099829774085247,0.13361644438482131,0.04592870427193012,0.4328441889038209,0.03,Calm
0.07921747363055613,0.0485860897167336,0.47129570791183223,0.051321799655892356,0.020837301900916,0.14204975662850655,0.04271469087666886,0.39922515488639426,0.03,Calm
0.07724736168710576,0.0419249639454416,0.2753347159271643,0.05292409387698709,0.023720397469822792,0.1787876332504832,0.03708813812599049,0.17991190980717192,0.04,Calm
0.08184192168136076,0.05213721149723784,0.4378984987066024,0.046904220121482466,0.021551374769973864,0.15206559634661682,0.047534667311757685,0.2884310818176126,0.02666666666666667,Calm
0.08343808592800993,0.04956964856234,0.4802048245665804,0.04895889860708969,0.021627490107434328,0.17001789711387502,0.04496920262017039,0.4091909633708728,0.016666666666666666,Calm
0.09056293979116037,0.0627748982422837,0.49372159301523544,0.05818613982810836,0.036442416762110616,0.2828899881830228,0.0526553441655327,0.38882262440315396,0.04,Calm
0.08108906189022867,0.05376137236071148,0.4322207260596502,0.05013494596173346,0.024036699988996685,0.18662825242511694,0.04851151437567646,0.3601720912102839,0.02666666666666667,Calm
0.08325419350590436,0.04261641230855228,0.2676065762645395,0.04771882833477036,0.021751947885754706,0.17443492001977154,0.03860707491053314,0.15908778599545853,0.016666666666666666,Calm
0.07699080455871919,0.035813866316515924,0.2105435267937608,0.051074134933098765,0.021301434248736057,0.13561010801217013,0.03587875379484059,0.14859414266063156,0.03666666666666667,Calm
0.08251918631102625,0.05605623015567691,0.47533889319390005,0.05181617358508002,0.023188476570356997,0.21594131989320625,0.045333706698092884,0.3504494333534056,0.03333333333333333,Calm
0.08690727545766935,0.07063836986796823,0.6157871512800028,0.04750426786096338,0.020210205533055237,0.13736832569848162,0.053138342467334586,0.4839735916384803,0.03,Calm
0.08494469949111022,0.06286267801984331,0.6997209870776945,0.049860610108892596,0.02131584813441559,0.10792835302467177,0.05279521731462354,0.6297062148915431,0.02666666666666667,Calm
0.07602472244063087,0.04488358995474881,0.3017254473794255,0.0520706379356857,0.023100634321670848,0.16969025909007276,0.03864855689197281,0.2362547323226467,0.03333333333333333,Calm
0.07611377526161571,0.04952965509510739,0.443447582791407,0.04898785964988538,0.02894565294645923,0.283824467707877,0.043150901455184035,0.37540299027097784,0.02666666666666667,Calm
0.09988929168064009,0.08795643009573809,0.6244473975906157,0.05257732436154575,0.032663685221029845,0.3302548529469669,0.06547288893729636,0.5188797302624644,0.04666666666666667,Calm
0.068812238174605,0.040036945060347814,0.3242052960246002,0.04957028856242061,0.020823425340048194,0.14456883235061957,0.03759926056130864,0.23873307095057641,0.03333333333333333,Calm
0.08296427408977476,0.05605984385636309,0.5857698181515981,0.050061583237662695,0.025265769599396127,0.2374054664032574,0.05486602264388794,0.5435210401449613,0.02666666666666667,Calm
0.07515876705178574,0.04050391177453021,0.22594419274441999,0.04678526119731815,0.01974779423949496,0.1298209172011034,0.03556407292317848,0.11301791465190855,0.04666666666666667,Calm
0.07783511576036432,0.0463069105593517,0.3529367712436475,0.05709104625147041,0.030213072410759708,0.2158643435329044,0.04296377748788275,0.30101861706864147,0.023333333333333334,Calm
0.08490806731941024,0.04761347162591928,0.3869204093087885,0.04864348117483057,0.02092587320658184,0.16477274988065982,0.040922771781557656,0.2897723268085114,0.03333333333333333,Calm
0.08131179251556904,0.04756169902283591,0.33392599411274376,0.05008981457616375,0.02296649495598984,0.17528916503419859,0.03982041133238308,0.26600884099304145,0.03333333333333333,Calm
0.07782082331230807,0.05917774699293352,0.7426646245354384,0.0488673460026986,0.0209566559809179,0.14117905778657386,0.05399684643382867,0.5984194354245673,0.016666666666666666,Calm
0.07937347140714816,0.05156347845384309,0.5143400615394776,0.049923155229331065,0.02329584543380997,0.12551397489525348,0.042725318107976105,0.366995314509689,0.023333333333333334,Calm
0.07846771344436801,0.05872340978486148,0.5520308987145939,0.05157680087592446,0.023461724944264257,0.19425041260059828,0.05393554591494792,0.5084403836241551,0.02666666666666667,Calm
0.08229963879469653,0.06662734028070512,0.7805220210461696,0.05196507868227216,0.03845233023145559,0.4555847522039727,0.059364698240227706,0.7210728601903136,0.023333333333333334,Calm
0.0849268705406871,0.052552319881888444,0.3948696105478601,0.051256051205008576,0.02531499755004577,0.22021712235203278,0.04665587135767282,0.33381886742144223,0.043333333333333335,Calm
0.08202089073757346,0.049578155201015967,0.3557382924548158,0.05086175406461625,0.024570796948285244,0.16178336821202854,0.04304946372980653,0.33801516631309586,0.04,Calm
0.08820374788867698,0.06012444359060822,0.6096916040706679,0.046083216482031515,0.018531315933894045,0.1013775976603187,0.05005549885198576,0.5592635110503487,0.03333333333333333,Calm
0.08337674352152674,0.07531027725289051,0.6498649681481787,0.05125192766090406,0.03212624899447245,0.3106014158631135,0.06377146769800511,0.6101862571767095,0.04,Calm
0.08045083889614581,0.0487122042527995,0.43873955816369375,0.05342001794055392,0.025128163116735203,0.2429650733977862,0.0448724305132393,0.3985775525839509,0.02666666666666667,Calm
0.0903895246214593,0.05948701838471481,0.39949780582712247,0.05570161064859373,0.03597079653650239,0.3181266742147518,0.043179982827695806,0.30098969653965946,0.043333333333333335,Calm
0.07987121786776806,0.039698070565582506,0.22548962255278326,0.054276970297153775,0.037794055254984096,0.4521180302690014,0.03727919990593652,0.1556418884548662,0.04,Calm
0.08955134798593065,0.07374062804116271,0.5945217164175897,0.05378440820542122,0.030263338864214263,0.2795428093835571,0.05529495616641536,0.5205687095166461,0.03,Calm
0.09243636309430127,0.06292529165433244,0.5318004544807149,0.04938005690713922,0.024863963131207246,0.20783042925170098,0.04876054986787801,0.43010848932038864,0.043333333333333335,Calm
0.08404410345226401,0.046388321222888655,0.3157152670704834,0.056755917304806926,0.026402082375661273,0.19616101442371253,0.04457879917457112,0.24342379691285837,0.03333333333333333,Calm
0.0850261891183901,0.05502564154264703,0.5218483428734868,0.04731885894856481,0.021655850588655007,0.17324170309968703,0.0513070161868329,0.4897134068386806,0.03,Calm
0.07427323307179509,0.04225038654748185,0.217843467301635,0.05073084614295728,0.02265651597967928,0.15134866266206068,0.03524870288604054,0.1850917811533861,0.056666666666666664,Calm
0.09714556458735227,0.08808367047530832,0.679502208525056,0.05356532153322623,0.02428603163144916,0.18921775646169273,0.06753377588565151,0.6255326764365429,0.05,Calm
0.08969496188881201,0.10171141150419415,1.1483087025508159,0.06286004424017896,0.07933023627772232,0.9441133049567254,0.05142832192925892,0.3261047977743563,0.023333333333333334,Calm
0.07848694203401528,0.04805607532387309,0.30275451932375746,0.05159323484919628,0.02333917377306674,0.18595853411832386,0.041908031468310125,0.22331830749785989,0.04666666666666667,Calm
0.08974381987656398,0.08067198010094989,0.68324812654688,0.05048787364270559,0.022377721633274474,0.1440722549403398,0.06658649483407085,0.648345723424737,0.043333333333333335,Calm
0.09780118601803456,0.06289708510600614,0.44307056319970084,0.04777768631053514,0.021619649056759734,0.13270830228169742,0.05439494908924725,0.3876277313530014,0.04,Calm
0.08826013597601405,0.07001722450704333,0.7710172157644771,0.05071443631912842,0.02473935370870043,0.16193840093987696,0.056213754236164024,0.6825189554530338,0.016666666666666666,Calm
0.08663239030377487,0.05220312734972422,0.3871718068608837,0.05536615141589486,0.02842038982343635,0.18656134124488702,0.04512261299596279,0.2786167185220564,0.03666666666666667,Calm
0.08218778478444558,0.05664759969275297,0.4883382867746202,0.0547173109725748,0.03265626841282572,0.3076652387883352,0.049194770743586906,0.3881922749237142,0.03,Calm
0.08259198960683074,0.0458852561592724,0.3824483916849572,0.05028376466580834,0.029835343480964234,0.32133722761295913,0.04514117555087896,0.32165687657328756,0.02666666666666667,Calm
0.09022843532595712,0.07200594923331292,0.5593976495111508,0.0502576265733861,0.025163335052785462,0.23975678621361732,0.05759025017035855,0.4991409180822188,0.04,Calm
0.08295439928264829,0.045371807732333964,0.4038354303142342,0.052265041764998244,0.027694423932385095,0.20391768638971305,0.04161139772859072,0.32111284360624565,0.03333333333333333,Calm
0.07860996719299143,0.04790745700199207,0.36046283506055615,0.04560568870640336,0.02089413489280951,0.14385163483751032,0.03775659554675314,0.26405978042226574,0.03333333333333333,Calm
0.07744151258876242,0.03817316786778092,0.20656038825130707,0.04815851845807387,0.020700778201541394,0.11061440122658552,0.037272811106693476,0.09634140909883537,0.043333333333333335,Calm
0.08286896925823808,0.06082777886560229,0.5428125970924793,0.04938450940389136,0.023428756325128017,0.22758625144449732,0.04768956166752434,0.47903238655429237,0.03,Calm
0.08545558867663776,0.04878938177145816,0.4808553643758357,0.05003134242736442,0.02259618350095841,0.1570909947238972,0.043981328937327153,0.31992536292080487,0.02,Calm
0.07408059156733889,0.03650718233855578,0.18124636160580607,0.04641206253707546,0.022034225838591878,0.15990469137614582,0.036401784460518796,0.12626891030266726,0.03666666666666667,Calm
0.09179714175992433,0.06847642164940572,0.5324386368722529,0.05476286269884184,0.026439141118609937,0.19666594767375584,0.057682863153632545,0.47886895332773516,0.05333333333333334,Calm
0.08843686408774915,0.057955803329625966,0.4499386698192203,0.050281433934892164,0.022234318103090407,0.175878519463331,0.04639755767527284,0.29559803742715696,0.03333333333333333,Calm
0.07945216525277587,0.06131258001359896,0.6652730413824165,0.045765262400708814,0.02393129490539478,0.21618084565701914,0.056354832916063025,0.5975253465586237,0.02666666666666667,Calm
0.08223333772998503,0.0496892509564027,0.4453742336214502,0.04964856314680307,0.018940120671033095,0.10467602872331179,0.041792776263253804,0.3160581750913961,0.02666666666666667,Calm
0.08951341798889416,0.0740480678687697,0.6919902704714834,0.05110628297717505,0.020362940626930292,0.10253615936433878,0.05942594184386043,0.5693903398344757,0.02666666666666667,Calm
0.07461292444864558,0.039061758763996986,0.22789818069528128,0.05306126802525749,0.02418028491456943,0.17325369057921236,0.036970679769485565,0.16563723003880768,0.05333333333333334,Calm
0.0850773315221116,0.06509100195152111,0.726050317721833,0.05180228572194817,0.028788628733523895,0.3143204268719001,0.0521248454431179,0.5976690469913171,0.02,Calm
0.07289419696450539,0.04173424638066282,0.41889731115092843,0.053007973231978554,0.02496925002132408,0.14910321679306276,0.041770521633959466,0.36910092405856154,0.02,Calm
0.07959178856411868,0.04845410656984799,0.37912110826408074,0.046169030259512564,0.02026919984870821,0.13525220282343198,0.03912171210694402,0.19990909232561926,0.03,Calm
0.07498080690270155,0.04404247428911404,0.40963002755706424,0.0491345499131243,0.025668536447641745,0.24761340842525226,0.042040044865921763,0.34818553691714565,0.03333333333333333,Calm
0.08354869345829248,0.06924779870718735,0.5202855523775225,0.05207307863348669,0.02755083192708379,0.22691127217276993,0.060626647686029676,0.4564291836430138,0.043333333333333335,Calm
0.07604843666536856,0.040680982791069666,0.34667398373888697,0.05240489321331018,0.04169295826096689,0.5143123555772348,0.03530786701627495,0.10767921728638402,0.03,Calm
0.08320972167889468,0.07495113312443656,0.8582344517320334,0.04847846039954126,0.020328663400416624,0.10269837490447005,0.05820091379665342,0.7531774632588953,0.016666666666666666,Calm
0.08124583505863948,0.07018293108382835,0.8172545602526681,0.04841737475411803,0.02447098511759387,0.19782374187839716,0.05892187092875199,0.790488059039327,0.02,Calm
0.07975680941598173,0.048604499284020455,0.3877410791079675,0.052876833920717556,0.028792096365875878,0.2426664741120099,0.0388518230935407,0.32929402023859544,0.02666666666666667,Calm
0.07199965259902273,0.03730920604343055,0.2549113325304544,0.050860316229771205,0.021669558822207384,0.15762283914021066,0.03137975423971386,0.09770489073830792,0.04666666666666667,Calm
0.08440445458477604,0.04765157158350055,0.3954032676178716,0.05268826541507579,0.030905226119230557,0.3543334844968803,0.04288320489923272,0.3373411503222097,0.04,Calm
0.08752133829334675,0.08250242448637356,0.6399909243973285,0.05244120796866973,0.02616268673792988,0.2222982126298681,0.06502448667273,0.6102199024215681,0.05,Calm
0.08137230662130122,0.05676721091697005,0.4304444204340144,0.050124260635800395,0.02484339955189761,0.1952546308041017,0.04939890979577179,0.3601017346322977,0.043333333333333335,Calm
0.08054250514327164,0.05045862133827663,0.45113965457904137,0.05275459332628327,0.023332272138918586,0.19418110501904415,0.04426223165108716,0.3991249968168192,0.02666666666666667,Calm
0.0989389040413131,0.0800410552574137,0.700163590977928,0.05021578821365217,0.020356663525078172,0.12348165571509978,0.06951544737804873,0.6526950341170148,0.04666666666666667,Calm
0.07331172947801136,0.045306671445334054,0.4486996967491042,0.049837262290005915,0.02261574430918673,0.11565449821963195,0.03613057336536785,0.1577595417364553,0.023333333333333334,Calm
0.08302724285100628,0.06117298627457469,0.5814173913084396,0.04923590357817574,0.02360011840599207,0.20530512209976454,0.0523181965640892,0.505193250320931,0.03666666666666667,Calm
0.07952091558079699,0.043558662335703185,0.34036778388644223,0.052288046433786345,0.026770916045428868,0.2722344435152906,0.04404691653471176,0.3069081141701167,0.03,Calm
0.07565269072306428,0.041327090924027116,0.3829536736839144,0.048486866661945564,0.01758998296592578,0.09686670431002925,0.035092698669060784,0.19465207822549618,0.03666666666666667,Calm
0.08530981118005915,0.050011443474877806,0.4275584594630559,0.05036658323960725,0.02726671507689746,0.2469528559600847,0.04248268252673951,0.3901684351995405,0.03333333333333333,Calm
0.0843597561888019,0.058098963801652116,0.4677955223103253,0.056666907358335905,0.025298140783525335,0.1709213115031243,0.05093533082367395,0.42221330569449905,0.03333333333333333,Calm
0.0866134208376257,0.06143106750130122,0.4787347412467577,0.05343444676679591,0.025923120686607203,0.21673436520864814,0.05539173728439869,0.44410168328659855,0.03666666666666667,Calm
0.07014473317677725,0.044608007449501205,0.43396914339290255,0.05058407752185971,0.021200758383834502,0.12796900793721608,0.03578824604496115,0.14422078061506566,0.03,Calm
0.07529092861031564,0.04118759210888246,0.3231118490801424,0.04494522657417607,0.019988967819750177,0.1225480636098052,0.03844603230448447,0.14027452724987516,0.03333333333333333,Calm
0.07778417661245546,0.05019767394503596,0.5312757945128517,0.04973796216188764,0.023064111224670013,0.17856927459356506,0.04719661792235622,0.48998289342247703,0.016666666666666666,Calm
0.08039744372155232,0.050032393620070774,0.414343739644977,0.048190411030960785,0.024189838994117814,0.13236305410410834,0.0450013645121271,0.3637408560147751,0.03,Calm
0.0939634911332179,0.07743926372577072,0.6364455482622101,0.048506597834304575,0.026538427084048428,0.19349357131798658,0.06335512607176791,0.5431780503466073,0.03666666666666667,Calm
0.08063114770079857,0.04224205408187764,0.30633601747838085,0.046717664544346636,0.019663408752121154,0.12022435325742577,0.03640106953867367,0.21023146578816898,0.03666666666666667,Calm
0.07623127547530743,0.045609211742703104,0.3922313825902175,0.04947664643645854,0.024112581453370485,0.25371920909421974,0.039754189627764065,0.30263252850304934,0.03,Calm
0.09688083970496883,0.08062008789157474,0.6591591884814236,0.05876636448379434,0.037354173367969985,0.3611004292083438,0.06597632571296724,0.6436183233674282,0.03666666666666667,Calm
0.07642372436838099,0.03643951118899597,0.21582584967118304,0.049337214756257325,0.02555535629710708,0.16320642935030444,0.033367360599447705,0.09681431054216114,0.04,Calm
0.07406174132709839,0.037823912604776036,0.25821073417085383,0.0534090609385296,0.026321103817676175,0.21530785691897997,0.034876964860296296,0.1254822346844903,0.04,Calm
0.08584375278859432,0.07075169672770416,0.6481299011762222,0.04968715365190716,0.024140189326744447,0.19206347182964692,0.05473915576831433,0.5300506757798187,0.04,Calm
0.08191230697647964,0.043894612871395414,0.35772562394443297,0.05117207469573399,0.02581120130509169,0.18567647731352147,0.039500215293321816,0.32318708181501143,0.023333333333333334,Calm
0.08133793131842457,0.06765439637279799,0.6865131573568587,0.049351893076046004,0.023096477809195434,0.15491613397897436,0.05321496681549729,0.6135946493403849,0.023333333333333334,Calm
0.07196366385526151,0.034801924272458686,0.201929820623019,0.048627156061941706,0.02544022433529872,0.22944152890327618,0.03503580206505451,0.10184426421093756,0.02666666666666667,Calm
0.07929669585263252,0.04426388206068354,0.3650768132421131,0.0501500290273025,0.022347367332099074,0.1459214293190971,0.03733573197623848,0.15049445334469252,0.03666666666666667,Calm
0.08282071247239803,0.05238519340354636,0.5474445369501598,0.04640142210581278,0.02532872126464904,0.18758211581724965,0.04611783641683529,0.4637794649235939,0.02,Calm
0.07955969124659966,0.0531074120703784,0.4282792454696373,0.05243111867443094,0.02709633704261454,0.27816805480741186,0.04854653457614466,0.28455645302603894,0.02666666666666667,Calm
0.0809483371925368,0.06164992461587076,0.5654582374422145,0.050220801633785575,0.021010388082477308,0.17373254078715297,0.04666910353196742,0.4730638035547158,0.03,Calm
0.08117811980436211,0.047113178753664754,0.41033541448342414,0.04744010017374698,0.01970026409063897,0.1276311629168567,0.041047875204366015,0.3283965477817547,0.03333333333333333,Calm
0.08222408889402744,0.054190466627885896,0.44548457667660274,0.05197268755895023,0.02422613658969828,0.1915116022062063,0.04072122404552715,0.3854327825203489,0.043333333333333335,Calm
0.09223079321894914,0.057355075796134615,0.4172721969028699,0.05036527538605723,0.03398382755473928,0.3740893248151296,0.048221574477164984,0.32100008061025664,0.03333333333333333,Calm
0.08214880655066634,0.04675283073389364,0.3656130686497037,0.049593582240612714,0.023917459132981062,0.16338760566777538,0.041520266933534646,0.26530230491261797,0.04,Calm
0.07917142292413731,0.0419051520591876,0.28813271665419715,0.04643429557106868,0.026200628853645692,0.24241019715037776,0.04019568474116447,0.21293869333817272,0.03333333333333333,Calm
0.08045336578779505,0.05174487970380917,0.41962662878856943,0.050904956319610804,0.023009234768041946,0.12391465782990851,0.04456124073205029,0.31330353155364954,0.03666666666666667,Calm
0.0755997857635329,0.04487286792071563,0.39567898419118636,0.04361883969823386,0.022500199037340598,0.12909792294138167,0.041122406872535454,0.30898901426427133,0.03333333333333333,Calm
0.07210759605349643,0.03638209133551759,0.2163511131957208,0.04965459444517034,0.020554613370443484,0.1320960414964126,0.03556316640470055,0.09988969783337412,0.03333333333333333,Calm
0.06790929720103857,0.03631958762908173,0.2719190380343956,0.052615817279071,0.019495291748526895,0.12783253710363549,0.03150601954861545,0.13489172880531383,0.03,Calm
0.07588600529931687,0.04470648849434441,0.3320014437535336,0.05012439936313575,0.021681912408262272,0.11635014198556622,0.043332038401194185,0.30830669759043894,0.03666666666666667,Calm
0.0828780989949391,0.0506649949074953,0.4691227518979526,0.05114619262118256,0.02424442017580825,0.16772456564239543,0.04307246641140187,0.42335110344574856,0.02666666666666667,Calm
0.08473453390008634,0.05374018356266805,0.4402485446641454,0.054952640037421716,0.026396750958779084,0.21144217147829117,0.04517074490528836,0.2920242356474746,0.03333333333333333,Calm
0.08304332769838355,0.04792058890103271,0.4173214942342916,0.053109575114204555,0.02558048091703883,0.25159409866284793,0.04430011242305656,0.393370822093069,0.03333333333333333,Calm
0.08508839861624258,0.05956846141575086,0.5179918392704237,0.05222386236140686,0.02290015867443758,0.18584022561650435,0.05428243513532293,0.49298951120638396,0.03333333333333333,Calm
0.08089820055896636,0.053708190267373716,0.4366261607751156,0.05045400919844582,0.027588826633990565,0.23062389025124375,0.04295082416986127,0.39981724929015455,0.04,Calm
0.08483406437049289,0.053660660740824616,0.48070190400318463,0.04619470848621276,0.021993635115513194,0.141113498381607,0.04823685711715087,0.4334260975017492,0.023333333333333334,Calm
0.08994291078026942,0.06033571460327002,0.46893844610305446,0.049806498066272374,0.026453064494301893,0.2072858694772296,0.05174305726544469,0.37553668595586054,0.03666666666666667,Calm
0.08517601792662784,0.06939581729141106,0.7723280166549973,0.05326762518384427,0.021066717775579325,0.13315534787407862,0.0580444639793414,0.7218888545264572,0.03,Calm
0.07137844127433929,0.03742724957388904,0.19636608527186508,0.046873583472061726,0.021486856051597582,0.12240642346366501,0.03684110809883187,0.13750740312422874,0.04,Calm
0.08066751566566609,0.06405075966575371,0.6290871808792786,0.05020132334073857,0.023581517014803852,0.16957683415014507,0.05791711008535165,0.5555007692742331,0.016666666666666666,Calm
0.08395557607450312,0.05587324483638191,0.5308537977129892,0.05107258007589018,0.024247341687537664,0.1476332805711352,0.04836705542184582,0.4573602621743921,0.02666666666666667,Calm
0.07469450684601407,0.05277868241318036,0.42597286591110267,0.05250667588357228,0.02414740271713904,0.23083300330653433,0.04714813857552172,0.37346988589814073,0.04,Calm
0.08140627467061373,0.047707858988835006,0.4371206176323425,0.049749842360334355,0.021272007043051638,0.1263500220127495,0.04922111558396631,0.3342574981367635,0.023333333333333334,Calm
0.08857921597312575,0.05503190127163483,0.4729762812918034,0.048600119849156416,0.02531007073140657,0.2429684077638402,0.04925853461244112,0.4372889179972721,0.02666666666666667,Calm
0.0860188375752764,0.05962579845554176,0.4187778747472318,0.04923956028449208,0.02306827715551252,0.197666352151085,0.04744410267088339,0.35430681092011157,0.043333333333333335,Calm
0.08180621066808134,0.040601479466372194,0.30926996928541756,0.04601731477935528,0.02144554207741909,0.16550781418410074,0.03655329891019159,0.16945806357326232,0.03333333333333333,Calm
0.07950232789779382,0.066584563681452,0.6586033255894506,0.0509360325320342,0.023584370038617207,0.16597314009633038,0.05761637395239937,0.6288278044086139,0.02666666666666667,Calm
0.07578713055107233,0.03875778456435037,0.2744310434692837,0.04847952896749298,0.02513802902830506,0.20980150809665415,0.03489313285904282,0.15199626457449253,0.03333333333333333,Calm
0.0800003362226987,0.04954892521458701,0.40460081444251983,0.04916643076929783,0.02069960545165435,0.10927904253186124,0.04474300754751638,0.32722017818452365,0.03666666666666667,Calm
0.08303422800640012,0.05336179008057031,0.39788479534311905,0.04918101289527415,0.03023667748903753,0.2764474203627034,0.048269221969062893,0.3142578292060454,0.03666666666666667,Calm
0.08083452600505972,0.05177307805524411,0.4655216480340438,0.05395711630634276,0.03655782558915888,0.33346138030843925,0.04409742000063821,0.4295411664166456,0.03,Calm
0.07497558279618831,0.04390705379795532,0.33060211408017937,0.05045586940070844,0.022605108948611872,0.16112254656603886,0.04255895279661039,0.2942065237021805,0.04,Calm
0.0701793544377563,0.03662019557424846,0.18877227634192986,0.046746240549056815,0.026177678933454927,0.25973644750124086,0.03596660511347148,0.12364718421591013,0.043333333333333335,Calm
0.09145061069979678,0.0776623508879048,0.7421865452222768,0.049280299631914416,0.02529923258162434,0.19963713574411934,0.059289729249559164,0.6612121662800509,0.03,Calm
0.08636690883380833,0.05174354392171313,0.45146723396775895,0.04880953305646339,0.019871448379272523,0.13951549930115464,0.04343030502181254,0.3955180423277497,0.03666666666666667,Calm
0.07892873891792254,0.052088195143106565,0.43401599887515613,0.05251785165151892,0.029672017472476494,0.2446904523630375,0.0488615964215684,0.3301261048924906,0.04,Calm
0.08668677608983479,0.06523601318702799,0.626589733989662,0.05173555151159544,0.022139151063271943,0.14467400577110492,0.054552290430130566,0.5132270205108904,0.03666666666666667,Calm
0.08951937825780698,0.05065003725608708,0.4097965870609014,0.05122192327840363,0.022977793113777487,0.13861421216666536,0.04529680091962951,0.3787041808697492,0.043333333333333335,Calm
0.07878669103922109,0.04799790694041594,0.4764427487911991,0.05157072412980725,0.022990429890184464,0.12887422417568212,0.04286710820988288,0.33697640931428907,0.02,Calm
0.08459231053799457,0.0681409124431851,0.7150002680638667,0.04810078306312555,0.020716673091509458,0.11878233894927372,0.05298656412639807,0.620816815972966,0.02666666666666667,Calm
0.07763662546088516,0.04546204522372294,0.408658494059212,0.05400005342577541,0.0292531143549844,0.3050388286330659,0.042951071900058146,0.36550059142737834,0.03,Calm
0.08510847794042668,0.07365017855941622,0.5906728300360891,0.0484006874697799,0.021240632020027916,0.11211297592106662,0.05932165701119469,0.4835631664744958,0.043333333333333335,Calm
0.08275951159526329,0.049233006727941404,0.41236238963759797,0.04839648463008497,0.024029296484204758,0.2199151870678784,0.04007776633369708,0.33765319761051826,0.03,Calm
0.08681721399922306,0.06749290837869605,0.585699079276685,0.0498952126228105,0.024577901057866794,0.214639034418158,0.05828105726954249,0.5573557837442475,0.02666666666666667,Calm
0.07982116926541377,0.04265679008874384,0.29305294282983957,0.04754362572560791,0.021295644522738022,0.11774891597403862,0.03709427726979239,0.12355126260458829,0.03333333333333333,Calm
0.12002720150045168,0.2354181281444187,2.765805862800161,0.05039694231661892,0.027319308239041194,0.2064366024418269,0.08086443136691825,0.7146184487932468,0.02,Calm
0.0832985512540487,0.05363882191900911,0.5720620172967498,0.0504785347124891,0.019887331875731697,0.10726810824137079,0.046690870423915655,0.46349809078582266,0.02666666666666667,Calm
0.09357816882782999,0.0637257556032177,0.4780686749474452,0.05064707438934964,0.020802736474740974,0.15506971960514282,0.05554370225854048,0.4133431122616342,0.043333333333333335,Calm
0.08797641324428057,0.06701695211886799,0.5618491768045997,0.05305174137973762,0.027498310131057274,0.19462427599104123,0.06226849829343257,0.5369514447781868,0.04666666666666667,Calm
0.09255721358978763,0.06589079513780431,0.5367357184967655,0.0494948524733665,0.025270319697086048,0.1909926574708077,0.05128204385650975,0.41215695399750624,0.03333333333333333,Calm
0.07357602619788908,0.04135965973011511,0.3664021194391891,0.05298005943644108,0.021809893967778247,0.12076377361376177,0.03748014219148195,0.3038713350739849,0.023333333333333334,Calm
0.07171734171523884,0.0404588941280343,0.3717118386022232,0.05257733886881342,0.02415014006966875,0.18469270793613662,0.04005416604016874,0.3210955994737628,0.03,Calm
0.0837867055123441,0.05199046852241631,0.3552724259866702,0.04731757806727959,0.023790082065829592,0.22857876193564836,0.04757220794243088,0.3247825191266427,0.03333333333333333,Calm
0.0808548368216818,0.04352744175552915,0.2501928514484877,0.05321249376112386,0.026382229516878408,0.1553028917320897,0.034820596041766086,0.1803185732881485,0.04,Calm
0.08191188330259098,0.05956590613288128,0.5393344785356299,0.051245156480669594,0.026316310740634955,0.1846519257991558,0.05132509442068291,0.4871187454711399,0.023333333333333334,Calm
0.08188112859845902,0.042958430253986574,0.21338633947079655,0.05747543724804956,0.03023224242989594,0.2902897358115393,0.03730930983355017,0.15428434956252873,0.06,Calm
0.08417430050037683,0.06442728533299501,0.6059001423334621,0.049347824103568284,0.020894075123824032,0.16132260869281093,0.05745239973597078,0.5817737990672377,0.02666666666666667,Calm
0.07592989288272511,0.04215053305477098,0.2972930255925429,0.04856904986646768,0.02387055600054717,0.19634046364449395,0.0372978561931143,0.2084096320939133,0.023333333333333334,Calm
0.09440555470166605,0.08856100677306086,0.866479301334672,0.055273526423806854,0.03149096688768924,0.23219075191537733,0.0748081615263887,0.8199250547485311,0.03666666666666667,Calm
0.08984211078633572,0.06135069509804121,0.4358338946938013,0.054336690464066834,0.03246049591248714,0.28786719055157034,0.048690039833195274,0.36977779914705466,0.03666666666666667,Calm
0.07750372327793877,0.04664787984183931,0.3939866533951062,0.053698205896176,0.025549328763328945,0.18252291774140927,0.04183811143436523,0.31838346841397325,0.023333333333333334,Calm
0.07781791802373164,0.06890079731542258,0.820049758953563,0.052915104084197244,0.02297929276770338,0.1800345578200938,0.05858667573315833,0.7631522188415121,0.01,Calm
0.07277910799001058,0.03659304767713536,0.2659230401520809,0.04801219528320607,0.020904835821964535,0.13692011451074476,0.03561048313057023,0.1062559865921703,0.043333333333333335,Calm
0.08558350702717585,0.04833564634208045,0.3344090162142624,0.0523808272606833,0.03057110273198447,0.28109352693266976,0.041750559152596296,0.2741777915774095,0.04,Calm
0.07670626019328208,0.053730513405074384,0.5598084742589788,0.048500322216191716,0.022124951688426608,0.17908373297804767,0.047610910631768893,0.5084394006498293,0.023333333333333334,Calm
0.07131834660465407,0.048574108324800726,0.40070551576565244,0.0486157275265103,0.02252074043731592,0.12399169103453363,0.042753332645007504,0.36781873849173696,0.03666666666666667,Calm
0.08984598289973976,0.06849050613630234,0.5541018080111852,0.04955629618042257,0.02358078607147893,0.16490976716917966,0.05593643405328166,0.5020979517193968,0.02666666666666667,Calm
0.07857951069311331,0.04275474543344414,0.33353050334008516,0.05150546500134405,0.02918229155079225,0.26351676202574975,0.03800908601481771,0.24417606914878476,0.04,Calm
0.09103641385244461,0.07523795191548227,0.594018409764935,0.05247462041268487,0.03073676100158206,0.32065523293777337,0.061374147932896916,0.5021665128371189,0.03666666666666667,Calm
0.07533880146743577,0.058627191528526496,0.6493978939380406,0.053261136035191635,0.027143108980011963,0.22696034180435232,0.05010123961971281,0.5736077112223164,0.02,Calm
0.08640593817697548,0.049991060795318655,0.40713891049336004,0.0470913799251866,0.020070832057267673,0.13013607629264987,0.044593285700746055,0.33976887309079534,0.03666666666666667,Calm
0.08061778982430567,0.05013338805060883,0.488852446979164,0.051887559609656256,0.0213029606498074,0.16062588678932366,0.045539190158061384,0.46776999194883123,0.02,Calm
0.076962329030797,0.04633022622620212,0.3749810339191346,0.04855711122669736,0.021790560511050116,0.16932506674441494,0.04228960337978845,0.3023116023745608,0.03666666666666667,Calm
0.07937566387434022,0.04385001878871541,0.3947608872678834,0.04883276238636114,0.022814020749546412,0.15739702336801237,0.041263569850320286,0.32913664661224534,0.04,Calm
0.08973003420341658,0.08544070698325658,0.6316768189236031,0.05289866865131818,0.0281363190145461,0.22277848685357118,0.061919753641650234,0.5720758347385341,0.04,Calm
0.08340519991105623,0.06090689896303306,0.48360011892671195,0.05189168273731882,0.02425731976014423,0.15100829818349049,0.04552778959759646,0.3089232457541538,0.03,Calm
0.08622084429495613,0.06346413901403418,0.5300783908487035,0.05199340686609513,0.023435045854617732,0.17852760537291468,0.053246770578614995,0.4849188318035929,0.02666666666666667,Calm
0.08104148866881443,0.048517041672328266,0.33207745731890775,0.05215624007587634,0.024400776821387783,0.1864290558923541,0.039147542195937676,0.25970090557885483,0.043333333333333335,Calm
0.0774413176349134,0.05221857158553938,0.5017934807656828,0.05212908686471063,0.021929200366623963,0.12774023192143427,0.04431472744044527,0.44355960812493317,0.02666666666666667,Calm
0.08231143346993026,0.07096975505647106,0.6764885596912025,0.0533291644402132,0.02886983018810202,0.27000780297452,0.05793890596366353,0.6445159327181514,0.03333333333333333,Calm
0.09022699592066528,0.07070548380409397,0.5411779827805695,0.05599055189824812,0.03366421145690675,0.255990056367074,0.05803490717018112,0.4486004260171288,0.043333333333333335,Calm
0.08098749141965697,0.048967158783915,0.4814557636415665,0.05008137172695591,0.020359027700398966,0.1310619051183814,0.034191210483500864,0.12221604053915738,0.03,Calm
0.0953354527773095,0.08098553493434978,0.7950513115298224,0.05567200204385808,0.032302320630205425,0.29441208333018426,0.06592731568359345,0.7151230317694379,0.02666666666666667,Calm
0.08288152552070173,0.054131674108068774,0.43109742639875936,0.05006213353875137,0.025536337558264104,0.20518108406146976,0.044803517044564437,0.39621587558438376,0.03333333333333333,Calm
0.0896761019966127,0.07439365577184924,0.5348742672216281,0.05513521953260104,0.025682069932059584,0.2281327896653766,0.06453477874921089,0.47614199221807885,0.043333333333333335,Calm
0.07760092919167526,0.04531907562534124,0.333956515957014,0.051043563962091316,0.026040889707940506,0.19192011257777006,0.04218017537046711,0.2437131500925691,0.04666666666666667,Calm
0.09571886415252945,0.06862327971943612,0.4537187528770838,0.05602034519713688,0.03144257201761675,0.2583885977266586,0.05593476875381602,0.4313509234767087,0.056666666666666664,Calm
0.08149711317205044,0.03899368942394146,0.20163716351383526,0.04892578326898704,0.01925098679397056,0.1039769452099474,0.036642653778177374,0.10930355022160143,0.04,Calm
0.08729444261665907,0.06900217679062604,0.7328004361166981,0.0553910361733111,0.02745614096095458,0.218214192006841,0.0632751301533339,0.7055541528192624,0.04,Calm
0.08048202231512333,0.041363897855054864,0.28259920631631874,0.04780831003367141,0.02041116881383712,0.15437149822162677,0.03868880556671147,0.19345434659826943,0.03333333333333333,Calm
0.0837975877691662,0.07413609590392405,0.6222510706806527,0.0490832355765466,0.030075637501839458,0.3064804516336205,0.05916875279755664,0.5523983281782457,0.03666666666666667,Calm
0.08573111107858236,0.06408785438988486,0.6100850983784972,0.05258633423881635,0.025581330948556864,0.20516986271214258,0.05326565495639319,0.5786200571318795,0.023333333333333334,Calm
0.08496884143546025,0.08391247036505621,0.8333364741587592,0.0476872220075248,0.023061714193917497,0.2020512353015897,0.06589430909623979,0.8024173811877628,0.03,Calm
0.09690970174722958,0.09532547721258035,0.9503765599841697,0.05088313237814393,0.02480151861248832,0.18977990835816322,0.07349642028431949,0.8572915754589998,0.03666666666666667,Calm
0.17600439149115804,0.14342839243518335,0.974914087895026,0.12159644105903991,0.06814517571072382,0.6510969507182736,0.12392120768757521,0.8493207257307529,0.043333333333333335,Normal
0.1876368313773153,0.1468598360276583,1.1482806199940137,0.12128257861767035,0.06437268222972489,0.44613066406894714,0.12635799587102017,0.9407678309033678,0.05333333333333334,Normal
0.2051976715498454,0.1826614438175163,1.354817239670302,0.1262937082337179,0.07026544827593655,0.4504549420299926,0.1489538003478828,1.0718739055606037,0.04,Normal
0.17851281907486738,0.160913486678117,1.4937708142382968,0.10271712464161367,0.043733241599676946,0.2650653017480965,0.11505866598357839,1.0960196178014983,0.03666666666666667,Normal
0.19998268011305995,0.15753880233843937,1.1010205319474868,0.134435704655942,0.0678104844994088,0.528996501539019,0.14049144662487897,1.02597868699225,0.05,Normal
0.18947612566650865,0.17747056746586365,1.4709338237870515,0.12182888505687525,0.06285651160562336,0.44943927879924733,0.14537868136409454,1.3322143951135246,0.03333333333333333,Normal
0.15764434001441438,0.07962505950480174,0.5047515113063542,0.11568037360819958,0.05224983896968408,0.41491753556102096,0.07587216584293409,0.3634484465205621,0.03333333333333333,Normal
0.1978394775404828,0.12681505814206787,0.9283426007335873,0.13007996451644616,0.08146368878909373,0.610697923515624,0.12164534137906548,0.8299717760571919,0.05,Normal
0.18868047948800987,0.15587118657332327,1.270433024529774,0.11748929518215301,0.053739474296972276,0.38018704063499065,0.1319388399010116,1.1817536849122017,0.05333333333333334,Normal
0.21793454861653858,0.18302190405222973,1.34251468932819,0.12592409179341146,0.06025474453328055,0.4787172329138031,0.14406236065083208,1.1153315906109629,0.043333333333333335,Normal
0.2028463757946669,0.1888227671302887,1.8662650220561996,0.12039836635146701,0.06657732940790188,0.4439525030043006,0.14339130184714033,1.568357309932224,0.03666666666666667,Normal
0.18539922156771116,0.1612326843662709,1.3471154334104822,0.12304340789448415,0.057375062790851326,0.39284438005772027,0.11622052486584603,0.7499741541857652,0.04666666666666667,Normal
0.20029433345329228,0.22406689900325719,2.2971266485981947,0.1278063288507139,0.08860031508372124,0.6476010877384197,0.1235822874269691,0.8139052231901206,0.03,Normal
0.18596296937895504,0.13127252559347508,0.9873607821890312,0.12437956712083283,0.0684129508352796,0.46073925462270787,0.11730270773617928,0.9311349745522938,0.043333333333333335,Normal
0.25691089230662734,0.23832781235181846,1.8502987275178004,0.12551801253585287,0.07193771252456924,0.5352253151495946,0.1744537913950493,1.2184161815680978,0.05,Normal
0.18549235069770212,0.16902855454132593,1.1910748627715049,0.11589249340074531,0.059463673915257954,0.4576832158309875,0.14519222702810816,1.0826055122996439,0.05,Normal
0.1925588688427501,0.16605900329595621,1.2092622649735525,0.13011928778495754,0.07911236191780496,0.7580078951786512,0.14364771890404282,1.100979326909409,0.04666666666666667,Normal
0.16670725413030388,0.11278143302075411,0.8439338914569747,0.13983441920174267,0.07260523763957852,0.5086981743648318,0.10248554213698884,0.7275192010649167,0.043333333333333335,Normal
0.2074771938483696,0.16180645275083713,0.9884950929669271,0.1305278168072628,0.06158758872830684,0.5383405442813501,0.13691088611123303,0.8978022431422656,0.06333333333333334,Normal
0.19810350547377592,0.19451566124851105,1.9277588986441492,0.12210661705964171,0.09363124107432207,1.0346299931206155,0.12900340798203455,0.8694888416374769,0.04,Normal
0.2038396801147654,0.1501056190870567,1.0665294838094987,0.12495965081274064,0.05740510256571244,0.41344833296593136,0.11370600745871969,0.8720280730184997,0.05,Normal
0.2601534866968465,0.23774785129513476,1.3653763983645562,0.14472236181116233,0.1083685810781924,0.8256021734620783,0.17870895011882404,1.3043370967021095,0.06666666666666667,Normal
0.20919920168259298,0.17588062465208967,1.1173202820788115,0.12366816635025629,0.09156188650609565,0.7788662551856671,0.16027252643575465,1.043051230832851,0.06,Normal
0.19006373889485603,0.15685463980559525,1.0195870336787058,0.12037099360546856,0.059379444074224776,0.3866487536193503,0.12890997801416906,0.8353775281483486,0.06,Normal
0.18109727990670474,0.1246129479378376,0.9254412078484743,0.12209478514429345,0.06708662167099466,0.5000711634755178,0.09068000474434938,0.5772215229505397,0.05,Normal
0.17072155751512186,0.14343780100800263,0.9667825805390039,0.11663811584491611,0.057838157482463105,0.4239794935352457,0.11854560146656862,0.859122394011418,0.05,Normal
0.17688393465559224,0.11272158415735202,1.0295175121426048,0.11601761084559845,0.0620814167806674,0.44419340762521864,0.10201168775072819,0.9552777177703903,0.03333333333333333,Normal
0.20817029557874617,0.18867208327294688,1.8037317104992525,0.12059041420172463,0.06590308447511158,0.5987241424155293,0.15004981723438965,1.5207560533344338,0.04,Normal
0.1949449837547248,0.16660917869452682,1.3018713357267864,0.11154889230032808,0.05485187977442233,0.39460369316512933,0.13955154425590713,1.1994377665926574,0.05,Normal
0.19134800171553984,0.16036145318378023,1.3638836445617186,0.12060440694920217,0.06897381880210864,0.5317434135743744,0.13619694547249434,1.295487602233938,0.05,Normal
0.21880995363609276,0.20126571297133655,1.1573606655476223,0.12246057359366028,0.06719971701646527,0.600365886920849,0.1616455284937713,1.0400696189066723,0.06333333333333334,Normal
0.1829738526805254,0.13567696919470232,1.0659527005082226,0.1178133371075971,0.059837662039159516,0.4862384961875387,0.12033623750378758,1.0205268318587135,0.03333333333333333,Normal
0.16630730861308923,0.08392955923530321,0.582416904778822,0.11836794322629911,0.060385852584473994,0.4954240029317351,0.08175107075936042,0.476959829009728,0.05,Normal
0.16212121441324648,0.10878986217155077,0.8707715941107863,0.12047579370691652,0.06418717923175667,0.46609542001731474,0.10252756291199344,0.745490243023587,0.03,Normal
0.17667215777984707,0.15040101667990355,1.1108550908132275,0.12235891140500305,0.06700784302585484,0.6940575212716025,0.12753202060147933,0.9235618593286978,0.04666666666666667,Normal
0.197655244786523,0.14001425008638285,1.075275432787879,0.12516925961124334,0.06596174837071876,0.5675490410984408,0.1230772098538687,0.8333758936542772,0.043333333333333335,Normal
0.17935362012209413,0.14144746673969097,1.4697903991962933,0.11542924395724843,0.051159732779131425,0.30631006469427624,0.11696454730593753,1.2907757693593402,0.03333333333333333,Normal
0.17309428868940718,0.12762317900316789,1.1041550727758571,0.11921008729060627,0.07100768105577683,0.6194718216453945,0.10980527847342839,0.9302559710140209,0.05,Normal
0.19958808565936959,0.18047572298272269,1.2034901619002787,0.11185002210408941,0.049977726607361536,0.3378072501775514,0.15242497655551585,1.034352732739213,0.05333333333333334,Normal
0.2359586594788052,0.21765836369474062,2.0831060911704684,0.12041892322522095,0.06362131879189067,0.4536513739584299,0.18073322189033253,1.930237808742934,0.04,Normal
0.2029417934663393,0.15630360035358534,0.9883870895628354,0.12539769695817263,0.05833045169571114,0.3941352321407155,0.13103361945559117,0.8102740692267338,0.05333333333333334,Normal
0.18359101874117595,0.15569572843043283,1.2738320905294935,0.11637028070463501,0.0546983626222281,0.4782712785350837,0.1200505940865847,1.1402892525534485,0.04,Normal
0.17172995896517546,0.15539333433432956,1.5527638100668482,0.12183288397691726,0.08387907157846736,0.8173623673146296,0.13210221001806832,1.436059690973971,0.03333333333333333,Normal
0.2072655927371119,0.18686268408682638,1.3905967206257672,0.12872626087126798,0.06846271599711319,0.6005523715160966,0.1608719039424413,1.2804940210052635,0.05333333333333334,Normal
0.1835352669890438,0.13310192859677838,1.0367949298900616,0.11642111780443552,0.053518790423035006,0.3752131091087755,0.1178290530345705,0.9054614384091233,0.04666666666666667,Normal
0.17053469619960712,0.11334027081146196,0.8848097247098127,0.11532837755147057,0.062037243200832114,0.5552946277108217,0.10646720226513191,0.7676876345964374,0.03333333333333333,Normal
0.1892756574566147,0.12806923467113554,1.0701533146459656,0.11318636126924858,0.06146741516778967,0.5604263613561509,0.11386476310259246,0.8459113721566869,0.05,Normal
0.21282509531634286,0.18469772779428992,1.470440364086914,0.1263843891808759,0.07267089053492282,0.6311183854403996,0.15436311996534455,1.248823566479748,0.043333333333333335,Normal
0.18790921227402263,0.14258499277150227,1.324414731295234,0.11944176080135178,0.053663068033551566,0.33988792604273715,0.1250028893686441,1.1700272425242264,0.043333333333333335,Normal
0.19461134189755153,0.13601427555044013,0.9615483126232194,0.12063961988155587,0.06563704425601782,0.45280457088849685,0.11675810270539384,0.6555866929096752,0.04,Normal
0.18084050393431325,0.1521018887847779,1.0746125586645425,0.11724647993097141,0.06807776162622957,0.6026994670714898,0.12296628182366948,0.8844542216698341,0.05333333333333334,Normal
0.2003100514258813,0.19765240675349416,1.3332689807985476,0.11856879277680751,0.05012394256032119,0.40554341039669,0.1339054957546755,1.0931950246380049,0.06,Normal
0.19527397262910953,0.15336694787313349,1.2058418221704412,0.12440613047323126,0.07066332922181236,0.6741251292800803,0.12091130609133421,0.9946564286104215,0.05333333333333334,Normal
0.18804844922587147,0.13357739946396638,1.1204219586784498,0.11295760558418264,0.04864453688214775,0.3344721087408326,0.1087665909331964,0.9961839729043148,0.04666666666666667,Normal
0.19364670161481606,0.1252523951854902,0.8460131186039321,0.1226204777707812,0.06805311468014462,0.4907939949234634,0.11031161953314444,0.6873525106137323,0.05,Normal
0.1979911041886189,0.16175210829044004,1.078821793517396,0.12881344254569269,0.08960112843773205,0.8787760467448086,0.14577390436105778,0.896179636831928,0.05333333333333334,Normal
0.15449700281610493,0.08888234068336472,0.6254682220865756,0.10756131519846007,0.055832747775923564,0.45074491217313867,0.08378485222161053,0.4796337273432548,0.03333333333333333,Normal
0.17218606023684666,0.12359866694298388,0.9350136376697001,0.12054292379871588,0.07430284089562642,0.6195134369074057,0.10320349101102246,0.7737690923295442,0.05,Normal
0.18411799351863659,0.1365812441243981,1.112152644665339,0.11258343342115244,0.06175290054478018,0.5291321714149887,0.1264347692122188,0.9986632353479189,0.03666666666666667,Normal
0.20073637838645916,0.17024190951632898,1.3128968521176658,0.12789402198671332,0.08445459058731745,0.744805369872442,0.13812050744865179,1.1752027945873988,0.03666666666666667,Normal
0.1990228935013513,0.14146938899414147,1.244951065681289,0.1168972914272003,0.06171677822836257,0.46454408579234446,0.11391342398451043,1.0069540577801,0.05,Normal
0.19635527571632344,0.15646975125064352,1.1793951214805525,0.10459695378506184,0.04243396229932952,0.3109590525933738,0.11884127459117476,1.018523725895196,0.06,Normal
0.21795218454592222,0.2202333904823039,1.7277737753121996,0.12889860336405595,0.0749174824709922,0.5272354523831279,0.15645919353513832,1.2283484462677783,0.04666666666666667,Normal
0.20717164535240162,0.30466800989416676,3.590971413651317,0.14707849475406778,0.22664892826666402,2.6521340748583766,0.12261363258861584,0.8384386433670432,0.02,Normal
0.20005459887989432,0.19496911953902446,1.6272629741320632,0.12049432019367202,0.05876416854635985,0.5361221179210922,0.16173024285162532,1.482820647184142,0.043333333333333335,Normal
0.19221061514069315,0.17754238562148236,1.2729641365037851,0.13485052414241933,0.08144132205975968,0.5955417891158554,0.13291510818598606,0.8972293057552805,0.05,Normal
0.1935192395951158,0.16978329913526785,1.2882730235169622,0.12025624211553923,0.07212146803831472,0.6318333023365379,0.1571137820238097,1.1514712265128015,0.043333333333333335,Normal
0.1798948333073939,0.15413951384610677,1.0792877024116228,0.12415071866298746,0.06471529857656258,0.5560624386524128,0.13508961286786758,0.992467790393515,0.05,Normal
0.1969748499810091,0.14462802727155719,1.1946469046554837,0.12690139245938348,0.06982425375795225,0.47149516396977015,0.12806818755758162,1.0631548661166497,0.04,Normal
0.16451669469242677,0.11511513210849525,0.7246183431035593,0.11748574393045473,0.054843936348263136,0.4337222067839681,0.09509476819030636,0.6172200914878129,0.04666666666666667,Normal
0.2232325360687516,0.23554151312401586,2.3314470962798874,0.12835034335654635,0.06986447710316519,0.6027710000872989,0.14239103065780515,0.8344009597522798,0.04,Normal
0.18199228421587052,0.14501196267343675,1.028623754310429,0.12549670676578303,0.05234907028493698,0.30120717149655735,0.11544609531865317,0.7775286477640342,0.05,Normal
0.16543491579661573,0.12895459745503482,1.0254223684929917,0.12612574598343435,0.06757653793190163,0.5828156103462119,0.10877498508089684,0.882943228635923,0.043333333333333335,Normal
0.22724433788024737,0.16792246693896337,1.1206049201933121,0.11701051833955405,0.057031602794830445,0.43333434687514977,0.1473228976221272,1.0497507888747988,0.043333333333333335,Normal
0.18205461768993006,0.14476350021338144,1.0530451803019565,0.1097549934776346,0.05174957173709591,0.28719798912121375,0.1241360449720442,0.9720405591983726,0.03666666666666667,Normal
0.1711199067265307,0.13579071672739312,1.0678996182485656,0.1091135802124479,0.06104768815525077,0.49670786972618186,0.11265239066810923,0.9197831417037509,0.04666666666666667,Normal
0.19406727464289794,0.16533019793762907,1.3857009012433104,0.122548096003456,0.0799451833251894,0.6109902221825375,0.13246398803986614,1.2761109049840822,0.043333333333333335,Normal
0.18776749027878492,0.130452407068745,1.1005221586323257,0.11862186230765723,0.060728439390398854,0.40852699765635536,0.11650921654308773,0.9933782936546636,0.03333333333333333,Normal
0.19090042274262983,0.1646765566803436,1.1154863579460244,0.11409040951816557,0.060140143488066636,0.5063753804510138,0.142441339348078,0.9847861572125443,0.05,Normal
0.22991545338230585,0.21212983899665902,1.6141107281396887,0.11618712625789347,0.05420325904055531,0.4369606600500091,0.16150533796985242,1.5187845912632953,0.05,Normal
0.18319670241195463,0.13115001294511228,0.7843797944750049,0.10901159241318749,0.05653279228802889,0.5130201261121773,0.10595178516313855,0.6757531092853909,0.05333333333333334,Normal
0.19795134725639948,0.18130449344205815,1.1879745775229675,0.12234642338563202,0.08393951203114552,0.5854840767127706,0.14895756323036244,1.0349630701847712,0.056666666666666664,Normal
0.20206298315987273,0.15238701538691754,1.0579273155156685,0.10831475795856976,0.04961570078083697,0.34706379158807077,0.12202926101331595,0.9263632626610188,0.05,Normal
0.1994239354403235,0.19153227185254562,1.4037440618620514,0.11543619676489682,0.050543269447061626,0.36137362254174055,0.14704989978217328,1.2123092555293862,0.04,Normal
0.20363445338683311,0.15763716448803908,1.081697783820341,0.12223200533509015,0.06513164666037723,0.43285220493985455,0.1454083005605455,1.0271966495376033,0.043333333333333335,Normal
0.2016664560281452,0.1532220805582164,0.9643099788873549,0.12582498296021452,0.05517049286160265,0.3671628264721407,0.12856209068625357,0.8199688743038895,0.043333333333333335,Normal
0.16219918011996012,0.11994180230660526,1.1233089861772179,0.11269676913291862,0.052737931338330844,0.36797985036212777,0.10001550565679683,0.9503195686614585,0.03,Normal
0.17106021388726672,0.12788259992863785,1.0497987910055682,0.10946798439973399,0.047668449092846225,0.25239490699967165,0.11472448372496177,0.8688991402433772,0.03666666666666667,Normal
0.20470303088811842,0.16377882404363245,1.0482956887863324,0.1296204926664933,0.09513824269215428,0.7704521942041034,0.13633940939209221,0.856067872338646,0.05,Normal
0.18250868783643281,0.15559816865758014,1.3103597503313338,0.11521876503386363,0.07918132748894256,0.6454738375501848,0.13107191744444213,1.1398042287639787,0.03666666666666667,Normal
0.2897203204122089,0.2620783659778714,1.759186316538442,0.12709699084606643,0.07742023931322102,0.5350087524011791,0.20963629816916365,1.5830425506735448,0.05333333333333334,Normal
0.2200951268544522,0.17502480854919977,1.1591904498934469,0.14170681498151153,0.08062061403379522,0.630007628347143,0.1465678453775663,0.9119299703476815,0.06333333333333334,Normal
0.16884206470982538,0.13867557136630182,1.0876386818017447,0.11844486572263993,0.06728369484296552,0.5879675978732599,0.12008369724216106,0.9392716186220774,0.03666666666666667,Normal
0.20502647488726558,0.18118542796125528,1.6335264792866757,0.12346737339900325,0.06276614204391588,0.5372324803397999,0.157213580749475,1.5074655685705263,0.043333333333333335,Normal
0.16962271371819038,0.12704409710943174,1.2298995861917172,0.12180471380115691,0.08417413424284544,0.8961437129229378,0.10973463480360562,1.07176324844374,0.03333333333333333,Normal
0.18305052497507562,0.14181536099968925,1.0524104898451039,0.11968726757744685,0.06912570642125886,0.5451039066373269,0.11812602864385263,0.8739447505870002,0.043333333333333335,Normal
0.20464182715227422,0.13617322480365646,1.0388829719630772,0.1244246438588139,0.05945530466693668,0.4461270053959882,0.11513198832144013,0.9005602351572624,0.03666666666666667,Normal
0.169240003847572,0.11827194818309282,0.9732264289203514,0.10910650640705963,0.051257189830614634,0.3585734778769437,0.10689039837177657,0.8635464378485411,0.04666666666666667,Normal
0.21013195716949631,0.16662139097605516,0.9330295449421259,0.13638801341446094,0.07286224210303105,0.5698435178748618,0.13966778676974506,0.8546809685599,0.06666666666666667,Normal
0.19297702068875572,0.13589404127669757,1.0065660392883182,0.12194394864115776,0.05662807804381885,0.33963295726168413,0.11984234663439038,0.8924351844354471,0.043333333333333335,Normal
0.21221635031153127,0.1461587014465015,1.1035516838483816,0.12782990177637749,0.06550475405995294,0.47101863096637947,0.11941704276464547,0.8994530005466242,0.05333333333333334,Normal
0.1951821405314669,0.13850113942095407,1.1131833887262965,0.12895177825284176,0.08434011356910423,0.8544828487194834,0.11907969681678222,0.9502273071440521,0.043333333333333335,Normal
0.18578809870748658,0.17435110407525567,1.2662800739821678,0.12310014698513343,0.057177335131975815,0.4155632059571574,0.13688446261766027,1.0778286182873762,0.05333333333333334,Normal
0.2229732994454369,0.16695229312211002,0.9904514214961198,0.11916843015413822,0.06494147015660169,0.5616223526847814,0.13212039572316273,0.7325252267871125,0.06,Normal
0.20419506803395163,0.1922135242421961,1.4487196967279337,0.12861344631048485,0.06280365244565973,0.46691363447162026,0.14321750399731226,1.2133906878223157,0.043333333333333335,Normal
0.1897723405473115,0.15756664859602443,1.1590580359283247,0.10933776080325344,0.055258320743940756,0.48251202646604974,0.133758880868292,1.0126923496715543,0.05333333333333334,Normal
0.1935013022932724,0.15456510042738564,1.002079698553211,0.11542086085879429,0.04770273696200011,0.26936165151178365,0.12020437525358997,0.858336235786932,0.05333333333333334,Normal
0.21254759863087316,0.26734762233054477,2.410562396418401,0.13200690525765912,0.11088888846909555,1.2313948280475253,0.15178982474668454,1.4152766061650528,0.03333333333333333,Normal
0.22032349629627704,0.21879406603840762,1.5929168672500906,0.15043231110148042,0.10186029586194413,0.8143487729498703,0.18547868963364766,1.5065231810108417,0.05333333333333334,Normal
0.15298864425474795,0.09635436210103895,0.7409021864336858,0.1208507982456706,0.06805866490880853,0.5438223405693627,0.08664208118016724,0.6679244577847148,0.03666666666666667,Normal
0.1475488871165732,0.07971416114869925,0.5978566921283915,0.10637081134803045,0.04785369339222436,0.263970527184228,0.07859338823263436,0.4442154314667264,0.043333333333333335,Normal
0.1940784796149881,0.1656398680055681,1.5759697249736742,0.12185683105381029,0.07125233035469439,0.6011735721208983,0.13384979116614726,1.4260133694337704,0.04,Normal
0.18358691637266414,0.13420005260269316,1.1662693923531327,0.12571239825180977,0.08234163243290063,0.7397196011361898,0.10936330649864377,0.9419691353926702,0.03666666666666667,Normal
0.18639635221505604,0.14100653524719395,0.9605339263687145,0.12828112002362765,0.07885102097959792,0.574119374050294,0.11839642883149733,0.7738995217343476,0.05333333333333334,Normal
0.18265748142871316,0.12868194584934847,1.2679826924790163,0.12277528555531385,0.05758795895617652,0.3478320930408724,0.1104761234573135,1.067118806514364,0.03,Normal
0.16606315061717591,0.10104693092142772,0.6680126011098204,0.11435723346184484,0.04898610568056663,0.2946006486358591,0.0931031975181819,0.603820779393758,0.03333333333333333,Normal
0.20378212453333763,0.18222337974485492,1.4911391119687416,0.1290540227793198,0.06479486304230589,0.5477046464041789,0.14795842030080208,1.2159250340011123,0.043333333333333335,Normal
0.20616813858804325,0.16271620774979792,1.2425277649311501,0.13939822058357418,0.1023214364413286,0.8810266673639968,0.14182050149813746,1.12325049366193,0.04666666666666667,Normal
0.2008753846104725,0.17418581116899953,1.4385766979860417,0.1079039273256933,0.05880266886758153,0.46080304997560506,0.1496610815067193,1.3729207287051628,0.04,Normal
0.19174374463939292,0.1401576108669036,1.0373596503753424,0.09869076756194065,0.049137471822171756,0.34689528384248497,0.11596980909995121,0.9082321769613635,0.04,Normal
0.20183486761218888,0.17495364568992092,1.5022317424644152,0.11611360870706042,0.056644871341088344,0.42412919940234844,0.1347692586731059,1.3339600713487663,0.05,Normal
0.19862125152483545,0.17692935309508745,1.5812330659597134,0.11220200045859684,0.0511042289747526,0.40423430628749546,0.13935521207680376,1.3879926858870455,0.04666666666666667,Normal
0.18254452822900627,0.15266906103477307,1.2570507095550512,0.113123458563829,0.06664911507024084,0.5121995620977977,0.12187277880568863,1.1360675823734094,0.04,Normal
0.19990769796010383,0.15183665744820438,0.998491396712746,0.1155602760222844,0.06149251144822239,0.4318212746535887,0.1284783427933202,0.892304691594056,0.05333333333333334,Normal
0.15303943142825868,0.13734100714100553,1.1398106409028073,0.12722186937584473,0.08580595674395135,0.7026009839280297,0.10283625820104667,0.9902782241350687,0.03,Normal
0.17032779066933765,0.13682191566847174,1.0074527087018401,0.12669286679996625,0.055407337725571305,0.4474616288663942,0.11860710714650426,0.9133470783062885,0.04,Normal
0.18704726902801436,0.1336698790786131,0.8194148048947001,0.11121796397448085,0.06257584302989844,0.47178437922604877,0.1180615785909363,0.6778513255816176,0.056666666666666664,Normal
0.20487374856792442,0.16953589624281507,1.3021280044184684,0.12268502588143623,0.06485888379797163,0.555659397484589,0.1372703341438948,1.097832626146238,0.05333333333333334,Normal
0.2115442579177313,0.17160710950741945,1.4057233291520062,0.1422544531481537,0.0893605410909382,0.7245918696084706,0.14766080597490838,1.2107091101602017,0.04666666666666667,Normal
0.21417319960358858,0.17238099030711515,1.4738957566091688,0.11980072698329441,0.07160101003125482,0.6418707174392582,0.14399750257388108,1.4053208032679376,0.043333333333333335,Normal
0.20890571528049454,0.15845879164246693,1.0471208407018076,0.12459362315237382,0.06935007877895015,0.5244809348091575,0.12814845372875525,0.864990048722955,0.06333333333333334,Normal
0.192836325963626,0.15477585884912784,1.0783504886391662,0.13406091445197219,0.07992791888184063,0.5941898121525688,0.132855174694681,1.01110275116828,0.05333333333333334,Normal
0.17846707821150312,0.11138689813897283,0.7774606049050291,0.11750921207205245,0.06493791022875826,0.5352723095323856,0.10091261968872751,0.6607918666632527,0.04666666666666667,Normal
0.19829132104800534,0.21767172574301272,1.6925442532558108,0.1198774642298855,0.06425098120194425,0.40933481276914224,0.1561096965980584,1.5626292986134132,0.03666666666666667,Normal
0.19441966861389598,0.16639199117083686,1.1185985246059853,0.11833072990842533,0.06116937622706414,0.5387385739231301,0.13279735614924124,1.067543299711303,0.04666666666666667,Normal
0.15488644502226345,0.11027916556032238,0.9235710400210767,0.12802222365192506,0.07193566214751605,0.563410492742509,0.09516050310744577,0.7702897980412771,0.043333333333333335,Normal
0.19335247801254646,0.15967483630004656,1.143779650582219,0.12034249934697101,0.07618426476337191,0.543863462179525,0.12692840456972718,0.8705445267943712,0.043333333333333335,Normal
0.1574970079436676,0.08025077865893608,0.6574525638023025,0.12143351384660764,0.05680822620082584,0.4284250241088019,0.07985964621950967,0.46102765722525235,0.043333333333333335,Normal
0.1778482851827601,0.13582367998518163,1.0173384463580653,0.11862621338233881,0.06294173131782768,0.6157276076394478,0.1251325493738809,0.9050830342960242,0.056666666666666664,Normal
0.25657719810083457,0.2070307179382957,1.3871324783069436,0.14635106490349295,0.09500080760178259,0.6611953069288444,0.17063550958657453,1.2122569499597633,0.05,Normal
0.20140265267243132,0.1713692452384944,1.213416899865807,0.12210151632706166,0.06157497231631033,0.6317002159496483,0.1393775954883239,1.1012028922678345,0.056666666666666664,Normal
0.15338364593643292,0.10883020527053722,0.774378286855486,0.12451947197157849,0.060427742340160115,0.47679441367654035,0.0954638888211038,0.6551717680708268,0.043333333333333335,Normal
0.21623185583569787,0.17521971815496173,1.2648309487647433,0.11967993174554252,0.066590621337093,0.51337915842164,0.15147182420897196,0.9762572665688425,0.056666666666666664,Normal
0.20616273067570529,0.16992086039778925,1.2973861369463828,0.11605497344038038,0.06388324607854438,0.4032421569460872,0.14020163390616736,1.197490098577855,0.05333333333333334,Normal
0.1824978950002056,0.12244936471622672,0.7836096351286819,0.11797979074391053,0.06525829748306186,0.4578413159581096,0.10869586950975282,0.6245717407679025,0.05,Normal
0.18595912186226887,0.13547883313984452,0.9015455754908349,0.11413030879339746,0.0605467914320392,0.6261144950167691,0.11567702761196695,0.7535005477616167,0.05,Normal
0.1966564466856014,0.16142427828740377,1.4378063029909163,0.112361226490327,0.050030125519326785,0.41347836405352384,0.13722511390940934,1.2447068753207817,0.05,Normal
0.1928188848646919,0.17629016748637816,1.64133417290673,0.12080725467553013,0.06208770808745382,0.4756210580111666,0.1289529120190521,1.0708643666675204,0.04666666666666667,Normal
0.19455029788720282,0.14377527432219062,1.2404079507869041,0.12024115323646764,0.06833888023803465,0.5861140065357601,0.12249388365593494,1.0955164582658183,0.05333333333333334,Normal
0.1995865666237835,0.16556433067701265,1.0668123734086505,0.12278371497267349,0.06948061285791443,0.5926240182345254,0.13187094670033672,0.9346784053751285,0.05,Normal
0.18231585089065577,0.14860888517451368,1.0853366417998267,0.12099388602779323,0.06232814524845723,0.4338899600354812,0.11727692249325825,0.826165216530292,0.04666666666666667,Normal
0.17674763245630126,0.14629432959503105,1.0406744262651706,0.11395126975672132,0.05998328939674153,0.5294171405673326,0.121205641609771,0.8482712205079177,0.04666666666666667,Normal
0.1955542791108065,0.1894210716417394,1.4108921366201463,0.11074453015071377,0.05366328401504341,0.29353831642289946,0.16580416657969715,1.369528650091441,0.04666666666666667,Normal
0.1822121119293993,0.13946572538975643,1.1705313429331183,0.10638459372804837,0.05127681698921436,0.3323497630032751,0.11576648023490212,0.9265512971484987,0.043333333333333335,Normal
0.15983068550837204,0.10905428007605962,1.0057821726269494,0.11677286502009589,0.048892547970459055,0.309090428996344,0.1017250386872884,0.8209463741898284,0.04,Normal
0.1652762248101624,0.10204263943158753,0.8788786122364813,0.12027199180595735,0.06610723580218315,0.42613138574502785,0.095916888704898,0.8192556423538961,0.023333333333333334,Normal
0.1902207418720797,0.14202468925488182,1.0732695864590112,0.1262542723449299,0.07185904730881731,0.5630209244603185,0.12080482814745418,0.8666049545234367,0.04666666666666667,Normal
0.1733857737014297,0.10564972897734652,0.7118549215760481,0.12695094498423584,0.06442749028093207,0.47900608198313055,0.09751507480693457,0.6355133349278135,0.04,Normal
0.20737671127466262,0.15165735670528271,1.0308739071836264,0.1285098538783893,0.06937606423582013,0.5540111628872286,0.1327597628704921,0.8983151986773124,0.05333333333333334,Normal
0.21181649524991067,0.1793682955055611,1.4241557765101953,0.11779608969217449,0.06275988385652859,0.5951932845526067,0.15113282445418585,1.2999481229575915,0.04666666666666667,Normal
0.18161570641447197,0.13197641581633995,0.8469871833622339,0.12527771035103882,0.05985713935415837,0.39035795335904594,0.11480703749232493,0.7973901527223601,0.04,Normal
0.15652586416299713,0.128044993253727,1.1510203273108215,0.12573108969874108,0.0626909345053329,0.5143108411646212,0.10164168789314972,0.9022937803681631,0.03666666666666667,Normal
0.1778589172006495,0.14366151696058369,1.079170668378707,0.11458412702117753,0.06367499975756015,0.5060310596238315,0.12182620150312766,1.0017613587593879,0.05,Normal
0.1956323852306922,0.15637798319625001,1.1709856417601687,0.130992499305245,0.07747948468081155,0.613078109920167,0.14060595528562014,1.0445428628635174,0.043333333333333335,Normal
0.19230595680839402,0.1645144635899259,1.5362722834663727,0.12006208104828336,0.058278452179634385,0.5750017694771232,0.1341005033057224,1.3332157338384332,0.04,Normal
0.21074973151750268,0.19133058369504133,1.3727990335865101,0.12989874274518712,0.08336884468604018,0.508110675575013,0.15009375312079976,1.1952496891577136,0.05,Normal
0.196166319616295,0.14774943536896157,0.9463866501947497,0.12166920482699065,0.053537737026194056,0.29177533493903973,0.13067871767874634,0.896911592364494,0.05,Normal
0.21963815566033631,0.19344721962955036,1.4919405386400504,0.1240844356533926,0.0651646127487231,0.4801329518757684,0.15708657868929182,1.2426079876461718,0.05333333333333334,Normal
0.17944446066840133,0.14517785172717032,1.0835172482173026,0.11255244413277372,0.05900303429037921,0.5298342537125448,0.11885658246634706,0.9521817822734189,0.04,Normal
0.17299997536833261,0.12392690579540255,1.1588391950383834,0.11221093033256131,0.05434834336245869,0.4695661244387249,0.09858587095590474,0.9214908908386382,0.03,Normal
0.1960513787874703,0.15903486668873018,1.1335550340767622,0.13340966315267078,0.08885090580818082,0.7568991096882164,0.12406683322137836,0.7548904900204109,0.05333333333333334,Normal
0.15825917274105705,0.11355065268677751,0.8816251917592843,0.12472061046837637,0.060724205483732765,0.5319913617654621,0.10884319551195377,0.767313910220612,0.043333333333333335,Normal
0.230436373758315,0.22419668571049695,1.4631834471706178,0.1467255285379976,0.09061915480998492,0.7867187687907228,0.17686015435738484,1.3404148693939657,0.06,Normal
0.1704073255147614,0.11638257146894422,1.1649107994557222,0.11785225682615229,0.05822361965604618,0.44114469247753757,0.10344822239940431,1.008623278635083,0.03,Normal
0.16602705299703988,0.08947364364727163,0.5998150224033452,0.1274647784239156,0.05841106188947209,0.4255900640079027,0.08288092236058207,0.5372553081441052,0.03333333333333333,Normal
0.17372814776139628,0.14078886556899972,1.4524884053620697,0.12299989483394314,0.07022616195203434,0.703560778918029,0.11837485200663309,1.3104792631433713,0.03666666666666667,Normal
0.18449953605453526,0.12344063606434787,0.8943487027152655,0.11975583524594098,0.06351021289486455,0.5345003908187564,0.11523457182858304,0.8047995196044351,0.043333333333333335,Normal
0.19821018575342952,0.1705981687188902,1.3723688926457578,0.12272247224739057,0.06010320236220167,0.5422551711362368,0.15653247446717222,1.1961529867792398,0.04666666666666667,Normal
0.20960214851449488,0.19847464440846158,1.9810281198561686,0.12000920611705593,0.06019979773711069,0.4352146110614039,0.1551883226686132,1.6640053561259032,0.03333333333333333,Normal
0.19453723473413484,0.18160334771482184,1.7631790644293812,0.1545729255501884,0.1633969468601096,1.7554597835245709,0.11788261937898367,1.0068359911948124,0.043333333333333335,Normal
0.20503081844939958,0.1750155996355384,1.1703365421041874,0.13668510357052835,0.0788682797111915,0.5951159125724739,0.14692723193991353,0.9793094519403807,0.05333333333333334,Normal
0.20563950988637045,0.16624764652436333,1.1276978341421005,0.1291615326514405,0.074501055480656,0.5933589556125165,0.14560721682979483,1.0417963339199847,0.056666666666666664,Normal
0.16590492890803665,0.09387207289169265,0.5305982175361964,0.12145458511057365,0.06715760293934382,0.515731689906628,0.09167839849085593,0.43925978315313985,0.04666666666666667,Normal
0.1826979944635138,0.151428337839114,1.0564393534002048,0.11236344162174276,0.049877993307351244,0.3539623984606383,0.11716174682614279,0.9550093059556272,0.05,Normal
0.17731488111165827,0.12037606881817482,0.8774093803875296,0.11139096105891293,0.05406106007033302,0.4257887756261257,0.10442799237104067,0.7952440138299463,0.04,Normal
0.15354799741317857,0.08127313918481954,0.5042448569627308,0.1076295289879304,0.04919286641627942,0.3295414565553188,0.07970853664652962,0.3545606487524895,0.04666666666666667,Normal
0.15332299489761933,0.10215558451946517,0.9315347328442776,0.11422808549828768,0.052322291745837225,0.29393080004471916,0.09314357950738524,0.8902038948686335,0.02666666666666667,Normal
0.19363390475206363,0.17049796730473615,1.1393461597862868,0.12657659253648437,0.07937120370218467,0.6481160323906844,0.14622102754685878,0.9832873384357561,0.05333333333333334,Normal
0.1683730542564272,0.10280076280755983,0.7868918577985626,0.11446692414334597,0.06020523345051124,0.4969178774761535,0.0945118775204194,0.6756425211008251,0.04666666666666667,Normal
0.17297030497808633,0.09089596380860683,0.6125181858248353,0.11581715391382545,0.054742561188864655,0.45950334891971784,0.08574108518020118,0.4668737782580928,0.02666666666666667,Normal
0.1854684953722157,0.13854280102622368,0.9674125497741893,0.12652052372023917,0.07193661546757571,0.5841350457588637,0.11101628617450267,0.8225293663895084,0.05333333333333334,Normal
0.21745535997272603,0.17248730515020447,1.1812565874685994,0.12461118120276081,0.06882948260985595,0.5290892984665013,0.16060692108848107,1.1241877420483264,0.05,Normal
0.18439494911764828,0.15139367523514116,1.2109079508828808,0.12394333344952588,0.0678532426573156,0.4846046748592817,0.13522077843633584,0.9839942477489106,0.04,Normal
0.20297300819281822,0.17248051057282743,1.3239202239473162,0.11340232989550188,0.054924696886623936,0.431050292854833,0.12792996609881777,1.044706572660683,0.04666666666666667,Normal
0.1827465400508291,0.1524969697664257,1.2786016972219583,0.12315540688579373,0.06216739812703699,0.3670840223436049,0.13332135566182082,1.0501848189232112,0.05,Normal
0.22116661137789162,0.17295231687598026,1.1478616625079596,0.1250386193447901,0.0810256465283672,0.7140987989525958,0.14551069769597139,1.0645921036690438,0.056666666666666664,Normal
0.1755742483657352,0.1136229393271662,0.8934037182677363,0.1359759403911841,0.08151967301836639,0.5888764337187957,0.10530541209121269,0.7397071124110781,0.03333333333333333,Normal
0.20525672946614335,0.19204420784639134,1.4911391885859098,0.11769381498858503,0.06982380128643902,0.5469413164734866,0.16286211883116375,1.3531521773145534,0.05333333333333334,Normal
0.20194151517107684,0.17822991859356405,1.2336048279272407,0.12373383779561578,0.07071248383834805,0.567704911205283,0.1495774571290909,1.133466155927676,0.06,Normal
0.19686758544786842,0.16613904755196376,1.178939992868775,0.13670164402494364,0.10219824865436102,0.8332023869513612,0.14960803135070475,0.9364091022719302,0.05,Normal
0.40090017758798313,0.30442612081503695,2.051904886254026,0.26693128079731254,0.11858408484810903,0.7407982352851297,0.25247985064529394,1.4458817774978843,0.043333333333333335,Aggressive
0.46128957477133964,0.36674513086604776,2.7324301162151294,0.299766832321273,0.14629533668465686,1.2007576406387048,0.3017301681611813,2.048380715989114,0.056666666666666664,Aggressive
0.45745508419355363,0.3725020598960012,2.458607417594373,0.273357088170771,0.13096012434777848,1.050080535060666,0.3241708446317976,1.9671442458304114,0.05333333333333334,Aggressive
0.44076281047004195,0.39234217599366467,2.7697941341414625,0.25043727510631886,0.13864619852032525,1.1859848969550235,0.3316816922786849,2.0314795835768256,0.04666666666666667,Aggressive
0.4618055778645993,0.3757583949922275,2.1577520946902666,0.30774369297135007,0.18419563737820766,1.189058853761061,0.314078805642601,1.9933280144451522,0.056666666666666664,Aggressive
0.46962779165400603,0.3860903418030681,2.249826822200915,0.3291634479778602,0.209620517087315,1.4182600061021629,0.31426153063469675,1.6698721065920572,0.056666666666666664,Aggressive
0.4337756259338679,0.3903247929779447,3.05717823476188,0.26764039516754556,0.12445877465288689,0.9766500760222856,0.3290204907118349,2.7083107407264104,0.04666666666666667,Aggressive
0.46083421080290415,0.446165428699706,2.6435568252360504,0.28043450623653904,0.15743760584688166,1.041761487482183,0.3426992386752151,2.3428242941795805,0.05333333333333334,Aggressive
0.45279291934710236,0.35421216147011464,2.0898656303631444,0.30002697648635235,0.19656409561406174,2.1013792088831416,0.29277557233264423,1.345847324981748,0.06333333333333334,Aggressive
0.45436109582643525,0.368916756571919,2.71540551863575,0.27847155183128286,0.15953213075320388,1.2133136758376308,0.30444487708404616,1.853823058205526,0.05333333333333334,Aggressive
0.47732308701772375,0.4312186922083719,2.3865782466990506,0.269829217828599,0.1644578332019124,1.1323851838997498,0.35034863235623936,1.930643782698584,0.07,Aggressive
0.533866108857802,0.4854296305098407,3.029891483441525,0.2709037871872892,0.133330910095556,0.8481204823882047,0.38565650069191343,2.4503145261763875,0.05,Aggressive
0.47293858599490657,0.4119988357451329,3.0128381610034483,0.26833253667632284,0.14603226689437668,1.0672790276852666,0.33531718999197996,2.3137171852172287,0.05,Aggressive
0.504505390940126,0.4243873851604553,3.135887006624782,0.2746516068736144,0.14852914041565266,0.9939104644279503,0.3440808217862871,1.986720974999173,0.05333333333333334,Aggressive
0.5582864106873594,0.5085489274386106,2.901456284203868,0.2855813220714088,0.16323857762689314,1.0459806698190206,0.433160080450615,2.4815087371703095,0.05,Aggressive
0.5868953791847273,0.4941336118464051,2.6704773195493368,0.33399531815440575,0.16896717245240306,1.2462467561093369,0.39999303525604907,2.2854569980261443,0.06333333333333334,Aggressive
0.45089986792996806,0.3217633573595579,2.0784834016362623,0.3004840804441969,0.16180958311084573,1.1065565110177535,0.2941858446351607,1.9162589215105477,0.06,Aggressive
0.4038920694773685,0.319297026223949,2.133915993312153,0.2605280375976753,0.1296796309702252,0.7509380680497538,0.2905657004021062,1.5722472776968204,0.06333333333333334,Aggressive
0.47893563865970407,0.4801408174163113,3.0579996916445755,0.2843044555707104,0.1633689488254843,1.1241567861832533,0.390657413088951,2.912112944963365,0.05333333333333334,Aggressive
0.5012496736465731,0.3958593917677896,2.4289012306987514,0.274645831706784,0.16292388346935535,1.3432429760235645,0.350340222776389,2.297613979297459,0.06,Aggressive
0.5311386948586112,0.4059646942093447,2.2672758695769053,0.30380178906225885,0.17388805041430783,1.201838040951075,0.33116143800626885,1.9255197347111435,0.05333333333333334,Aggressive
0.552316661649336,0.422038904599909,2.8387174782893427,0.3072275629616757,0.18445141599014356,1.3644833161835892,0.38570362194220814,2.4760538948662774,0.05333333333333334,Aggressive
0.49517449906659466,0.42685167049379885,2.6597048204944467,0.2998723735954499,0.1653029958783902,1.1075825921330373,0.3538251498005542,1.827232834047369,0.056666666666666664,Aggressive
0.464896546533433,0.3925254641592762,2.413949852139307,0.2861418574935268,0.1817942085334131,1.3840709836043603,0.3286498800246673,1.9436421344037214,0.05333333333333334,Aggressive
0.39901719367084404,0.34995706888253175,2.3425793130976986,0.31405149769124574,0.19514290647218654,1.7055797420471848,0.2861999700506462,2.1065593950076793,0.04666666666666667,Aggressive
0.4420830388078549,0.37287749547424875,2.2708925775570035,0.2842573133845307,0.15371247155757098,1.1638621776575047,0.3371068194571128,2.010589165003517,0.06,Aggressive
0.5280949992909177,0.4263615970719252,2.975485534417239,0.30017614651163904,0.17549147360813108,1.2144911608828408,0.35210163892076696,2.732077933661482,0.056666666666666664,Aggressive
0.46219269990891804,0.4131653003763473,2.685231594546584,0.2622424118237665,0.13307881977594938,1.1101444515088794,0.33852863373522524,2.52759540385214,0.056666666666666664,Aggressive
0.4456089305421857,0.3151654637965397,2.1908049986960516,0.29355005439733506,0.1499039490511272,1.0345656149341886,0.27503017410740754,1.7667962332310103,0.05333333333333334,Aggressive
0.4343108312610296,0.37518357142023695,2.3394554828086167,0.2775070495624768,0.13280904628856477,0.9045942222255161,0.3071133555092118,2.099956025436799,0.06333333333333334,Aggressive
0.43996121096489027,0.3740818210674255,2.3213537681389456,0.2725923293837328,0.1589830289096151,1.0665510247699637,0.3294927414579112,2.1332955282864483,0.056666666666666664,Aggressive
0.42270805555466057,0.3517047223857535,2.280057473214281,0.29491734105193873,0.142331111003047,1.063112492263268,0.2869902445571738,1.9050200311159837,0.056666666666666664,Aggressive
0.4696436749068603,0.3635960909286464,2.0082285083285476,0.28044506479284165,0.1612597881552838,1.0190764216188484,0.31105564867833424,1.8104328368551827,0.07,Aggressive
0.5519658324145249,0.5643034533204314,4.9186599187060995,0.2881124551180138,0.22336056822136302,2.4210389217074404,0.3423159822776982,1.9512933471353473,0.04666666666666667,Aggressive
0.44935684308115337,0.39320734424685627,2.6748631501623974,0.2800063535009527,0.1375841297388666,1.1626754700069468,0.3451962057310473,2.415257906240916,0.05333333333333334,Aggressive
0.467477010688276,0.3845571139303364,2.1969806584774205,0.30571850144865054,0.16488994026732864,1.1244052658575134,0.325847770259553,1.9979179168300238,0.05333333333333334,Aggressive
0.5297389579670986,0.47179754830651427,2.983452068337513,0.27682482121341234,0.15424513384776461,0.9512985321121593,0.3824686123739573,2.356690093668228,0.05333333333333334,Aggressive
0.47797567870612073,0.4110508099846228,2.4786959288294765,0.29449554922250615,0.1530033320610621,0.9941629807553677,0.33649565016810995,2.2048868080141824,0.05,Aggressive
0.45316776566507705,0.3731401520474301,2.6846290464240314,0.3070098719762425,0.19314795149653863,1.8836918769937616,0.28813545320123174,1.9266717944246956,0.05,Aggressive
0.4845537895539001,0.3636056696399017,1.9061044084926009,0.32252693637986773,0.17326570365692662,1.0615057239027959,0.31425582088688414,1.4903591160031473,0.06,Aggressive
0.46865801155519315,0.40074827995270434,2.4307143564221434,0.2900612329529468,0.15314422581863774,1.2535325381841917,0.3182656652664676,1.7328445271953314,0.056666666666666664,Aggressive
0.49130798897629174,0.40779542050463247,2.1186986748719048,0.2762219916133992,0.14892370871063967,1.188220440641297,0.3396555710073367,1.8210999014552274,0.06666666666666667,Aggressive
0.4446861604206959,0.3853730291417888,2.5761677576566155,0.30396920088188323,0.1543309205498318,0.9356650844419413,0.28270752142919053,1.4575714198449252,0.056666666666666664,Aggressive
0.4195275735160475,0.34857871750561137,2.4300358727512483,0.2734768972077441,0.15288113127575859,0.9434209844582364,0.29312501723237677,2.243020714938186,0.05,Aggressive
0.4075789883036738,0.3250265670969664,1.953871707342005,0.2510182253822013,0.1164423320008706,0.7237061276214671,0.2885597637431306,1.7771460767025835,0.06333333333333334,Aggressive
0.4870024377397188,0.44199518490668516,3.516544838466346,0.2837141947942374,0.1776406894250365,1.1919421998556392,0.3989877146538443,3.174823606141113,0.05,Aggressive
0.43516352599812524,0.3794421523255158,2.3634644560812217,0.2744676224715274,0.13584739375660246,0.9336673328436221,0.3097834618521199,1.8376277154584373,0.056666666666666664,Aggressive
0.37699556018445385,0.2843052199586157,2.005258030133149,0.2911878177360839,0.13785270341289543,0.9435182041763017,0.263490972994914,1.733135964969738,0.056666666666666664,Aggressive
0.4656726909838458,0.38361204125236403,1.9246164024780132,0.2737469283526571,0.13050688129627755,0.8668000007589319,0.30115068332816275,1.5722850719223294,0.07,Aggressive
0.4786382767522486,0.3790854759295241,2.002798943654055,0.2916391132926379,0.16440205922043996,1.1508496373228188,0.33160210559446845,1.9316297998931542,0.05333333333333334,Aggressive
0.45409925086417824,0.3671371967538822,2.313992314681505,0.29643621263691916,0.17042745136043408,1.6512658624464656,0.3369671360330793,2.0239722685536123,0.06666666666666667,Aggressive
0.5115417232757008,0.4651694713057381,2.778390204877719,0.28821865682599235,0.144315941609019,0.824567166644414,0.37103453295076744,2.420210794554607,0.06333333333333334,Aggressive
0.48632680274016804,0.47386840993544227,3.781509988342444,0.26212315205543407,0.13629317049341932,0.7760160526819022,0.33815986005786336,2.191296217087544,0.043333333333333335,Aggressive
0.38929293177605584,0.3285550048660105,2.0921436132370794,0.3172049746155054,0.35472603819521464,4.115150859155099,0.2490004808719444,1.502139943464343,0.05333333333333334,Aggressive
0.494836202438279,0.441555109363887,2.8465543251038925,0.2935775836273655,0.16967375564352802,1.2980300189603393,0.3586883319175321,2.124329542593318,0.06,Aggressive
0.43281120390207717,0.3694458972250952,2.768468747108119,0.29692208612615345,0.15453234792689632,1.17532314699272,0.3308277487651318,2.488299890238097,0.05333333333333334,Aggressive
0.42442140126867184,0.34516312834791824,2.2003618979437625,0.2743018481877467,0.1462726199016254,0.9491110459781803,0.3062882243631079,2.1236529852378023,0.06333333333333334,Aggressive
0.41972839519951566,0.357704499040851,2.706936083871377,0.28055321601155075,0.14678820900523906,1.119783516238651,0.31265781376129304,2.5203837800432147,0.056666666666666664,Aggressive
0.5512256410323328,0.47676191145356145,2.4668823307180574,0.3207498299602668,0.18062736641555144,1.0850498467027299,0.3663903381485717,2.1834649351130326,0.056666666666666664,Aggressive
0.44470872507195014,0.3674791809811282,2.414423352526993,0.2687498576469565,0.14741960932970244,1.4511055303379345,0.32716946823045995,2.103792422555106,0.06333333333333334,Aggressive
0.5787059803902534,0.4895250316017085,2.7231495869555733,0.30348752007031843,0.16203046387623038,1.1652292159613689,0.4262701808001543,2.580123446220554,0.06333333333333334,Aggressive
0.45605469794677117,0.37654202974457807,2.628299906518578,0.25690582974984544,0.12425526591602812,0.7812374192973481,0.328827468529338,2.577052658669051,0.056666666666666664,Aggressive
0.4857617235900722,0.3746253634339154,2.0074107481007517,0.30806867517827496,0.18328105267272668,1.175484721925217,0.31945595988972003,1.9079219237630256,0.05,Aggressive
0.41728993774794076,0.3527603379326367,2.6384898501136997,0.2777301668039102,0.13883502766638864,0.9268098965094284,0.3061388086246277,2.052217495240336,0.05333333333333334,Aggressive
0.4631532698936199,0.354054751280945,2.588253395818706,0.2963323125895641,0.16251502541292234,1.4738831816788123,0.322582558366574,2.373044851784698,0.04666666666666667,Aggressive
0.4242782465124104,0.36343031012715976,2.1451216403262188,0.269214933808146,0.14524006782988438,1.0222460738149781,0.29703959782642914,1.863588116088277,0.06,Aggressive
0.45383891727166686,0.3763588800305624,2.9738220562715085,0.26936662473093986,0.15168805395956944,1.1603625112815406,0.317230111826784,2.4247038523503726,0.043333333333333335,Aggressive
0.48500320882487963,0.41988670033436654,2.698441564504318,0.31545899942592104,0.1789611198486845,1.1752462256761147,0.3535904017776823,2.1182704152535297,0.04,Aggressive
0.3783508003628066,0.27999562891831037,1.7927399448808112,0.272065212855294,0.14942089849441959,1.244844733746559,0.25020760297540184,1.5545359934268066,0.05333333333333334,Aggressive
0.4674194568414824,0.3901607152996751,2.2601392636058075,0.28930608807046115,0.13737854575440425,0.9618070490088008,0.3230558993793411,1.5664623644564302,0.07,Aggressive
0.4556446128215228,0.34915813703393606,2.1218979420463118,0.2596021137540621,0.12451544843793427,0.8187288524567058,0.3137018568996443,1.8886555223205963,0.056666666666666664,Aggressive
0.4602955063873018,0.40830761042941244,2.368096156794291,0.3079726035649891,0.1873192876204832,1.4412666602697557,0.32750704287908994,2.072561417856354,0.056666666666666664,Aggressive
0.434844484589988,0.3617266342450672,1.998602485728922,0.2719706840194787,0.14009354078353817,1.0473843315927625,0.30301951587718373,1.8789658094076944,0.06333333333333334,Aggressive
0.4401777719846597,0.3388157506101231,2.0032109331282273,0.30077037354676583,0.16864678181615422,1.0412450647057059,0.26464038194192374,1.3976259643245386,0.06,Aggressive
0.377408824702135,0.28685260592747797,1.952157146823,0.2718319504492941,0.13800723540458806,0.8682655235396948,0.24776428784779614,1.7227515769376769,0.05333333333333334,Aggressive
0.4478211712553031,0.4084309500263611,2.4953591840749896,0.2722647547561404,0.14293642034634982,1.1303425118206154,0.3570165476453156,2.050863838924728,0.056666666666666664,Aggressive
0.4753879124251597,0.4214725044620387,2.52630676403111,0.3030656715146142,0.16867640232127137,1.2211122212237127,0.33825683961291086,2.013308427305734,0.05,Aggressive
0.4850122661578968,0.3937385409652897,2.3890675183588854,0.30301643189283,0.21362895536962184,1.6527698817774485,0.337114510048145,2.2516273191097107,0.06,Aggressive
0.37814818940088124,0.27205781596305073,1.6148004924720887,0.27798507757470126,0.1560558001897542,1.2258658962138291,0.24788657819172175,1.4553531208350152,0.05,Aggressive
0.417974375164776,0.39525894832573494,2.6796464093103145,0.276305923224345,0.14129543438314607,1.2046529698835504,0.3313721828197113,2.406766627976822,0.04666666666666667,Aggressive
0.42907545012753684,0.3562391625709387,1.9168989455105028,0.2877843624367629,0.17478040275379408,1.3621958824284959,0.2752333974147175,1.6463724334739434,0.06333333333333334,Aggressive
0.4206085232092394,0.3854136670749231,2.7435936023670324,0.28255452614664495,0.1273405829908597,0.8270978814531984,0.3015316712393187,2.053565506598457,0.05,Aggressive
0.4846654691075012,0.38715749304738645,2.11851895859587,0.3294322599418707,0.20945546727671271,1.4770695637495623,0.32902227039127235,1.9071125890752405,0.06,Aggressive
0.4320458610546537,0.3779602094118267,2.593747568716767,0.25296571456843947,0.12504007667734438,0.9555703569391211,0.2600366751664294,1.559909072323682,0.04666666666666667,Aggressive
0.4657737943358088,0.4037828012673622,2.434344339900021,0.2786020290634645,0.15324685533776208,1.2041195145397299,0.3074089612314114,1.6604579319023491,0.05333333333333334,Aggressive
0.42417011117809855,0.3988979736052284,2.7596391963909612,0.2843016390602983,0.16303722429010542,1.1810837063424906,0.32392132051898076,2.318013836586213,0.05333333333333334,Aggressive
0.4189720663938541,0.3349783358740571,1.7727777073513564,0.2826005424699374,0.14764714005367802,1.0197708233672211,0.2872254127056159,1.6098579584692179,0.06,Aggressive
0.44945202872567674,0.37732500415012565,2.313647620993587,0.2860341794090748,0.17439563159088245,1.5251714321441139,0.2966582589684809,1.8362422405165086,0.05,Aggressive
0.5264194303028098,0.48244943582940386,3.9312899501406835,0.3733746643586528,0.4735300445996958,5.071934459549316,0.3273209009870851,1.9751806313135902,0.05,Aggressive
0.4948372235183579,0.4284047810476121,2.961576567001169,0.27395465612959846,0.13628728512300084,1.274854176147024,0.3717469056466228,2.633526656936183,0.056666666666666664,Aggressive
0.4879371557747868,0.42665163143217344,2.870984244280458,0.30560432869669657,0.17599363134879834,1.2004849912061235,0.356282016155128,2.622109238916816,0.05333333333333334,Aggressive
0.46528919626483534,0.3592634021499289,2.235284271007819,0.28246249967873366,0.14776085227433625,1.1235932305969918,0.33349122854904184,2.088068353275659,0.056666666666666664,Aggressive
0.4191959401187144,0.37527021754277556,2.2439491291194016,0.2974838479436801,0.19410622737760053,1.7809445004027864,0.2942019534066324,1.8022328719209308,0.06333333333333334,Aggressive
0.5241258342599102,0.4885698025356182,2.8293302443657193,0.2720743565244363,0.15202207290649616,1.4801639130336526,0.36032526743532417,2.5433292033544,0.056666666666666664,Aggressive
0.3983985456194738,0.3357114459925595,2.1201670446162355,0.3153688369103372,0.17781702432820634,1.3115847704802166,0.25629280466440846,1.6665871029846915,0.06,Aggressive
0.4916901088332105,0.37939992456048627,2.1634186033761607,0.3074386305819832,0.16665036710991638,1.0576535254762387,0.33208886330205156,1.8160729815348122,0.056666666666666664,Aggressive
0.5052673427774893,0.4926744906851528,3.6496549764497686,0.3078172328201826,0.167556084165101,1.2560907192470412,0.3758810498152221,2.8203735719432643,0.05333333333333334,Aggressive
0.45208588790083865,0.41823722574862404,2.8061237778382515,0.2927561565791151,0.1486590346984675,1.0796211623451792,0.33798243484243834,2.3080626570360043,0.04666666666666667,Aggressive
0.4358095277111852,0.42255797236672016,2.924112218262613,0.30097141018706175,0.15590372709800754,1.0121510926513066,0.346263397994814,2.7763449122699253,0.056666666666666664,Aggressive
0.49699554726221623,0.41388182722779326,2.8371552331178687,0.2779988698500271,0.13992408335891943,0.9518084162439816,0.37738420402598566,2.4114274286623303,0.056666666666666664,Aggressive
0.42800609507427956,0.37541587059709586,2.5903247525097908,0.2742736757260595,0.13565755705904564,1.2351273253623563,0.3080655923030556,2.4474349916342613,0.06,Aggressive
0.4494136224525201,0.344479695998265,2.1050051041865365,0.3124382547161398,0.1749159706559885,1.4365556468729688,0.28307954118022,1.930237040256916,0.05333333333333334,Aggressive
0.4758147180724899,0.4231860957615266,2.4486188102523028,0.300373073883515,0.17463324425715246,1.0083633714141114,0.30951296734363515,2.1000364669312197,0.06333333333333334,Aggressive
0.4525290055055253,0.3534150915951869,1.9853609682233369,0.2999827935142865,0.1698405332591383,1.1779726940422257,0.29118236647430257,1.5016397876689567,0.06666666666666667,Aggressive
0.46183325542151865,0.40387216030826956,3.05478078002263,0.2895902136614374,0.1410162004835386,0.7818957783272829,0.34750455478961356,2.0067917482040523,0.04666666666666667,Aggressive
0.5209616614873952,0.4630670040711524,2.594196173019077,0.2895197577821319,0.15268757505242642,1.2076744059502451,0.3723128992458167,1.8990619387210725,0.06,Aggressive
0.5420868091881802,0.4176034013955902,2.4671216975960415,0.2701298614057177,0.14090632964576824,0.8504342130640176,0.3428537419414828,1.7139369703709009,0.05333333333333334,Aggressive
0.4785572448597801,0.41307979144079593,2.4003695908656484,0.3055105409800826,0.1847853125789294,1.2604649105176022,0.3470244955550806,2.058222149334418,0.06,Aggressive
0.5577183871852069,0.5563551980891233,5.8911048457897595,0.2752807759508389,0.18704082426930166,1.7859400772082863,0.3372359837424353,1.7022437373783503,0.023333333333333334,Aggressive
0.4873990970108024,0.3795483916054425,2.2935979836494313,0.2819366454593024,0.17530975180908448,1.2911863839218451,0.32433594095969764,1.7878861292568733,0.05,Aggressive
0.46117603759622416,0.6213828941318822,6.226189313408624,0.29562024914890345,0.21133191070826748,2.1970847683426458,0.34872451874328125,2.459629309463188,0.04,Aggressive
0.3836049778934635,0.3096885425779174,2.4516202276325085,0.2816982748037023,0.14572590193533216,1.1814670141351644,0.26828478195230343,1.8209271102972329,0.04,Aggressive
0.46635794132071084,0.4171063738945326,2.638781014515208,0.30549956747884305,0.17154998884358996,1.0670675983346865,0.3078525672332775,2.4907536685732246,0.06666666666666667,Aggressive
0.4255453922531954,0.3691744021983576,2.4341347994816402,0.30038059153483343,0.13930637275738428,1.0839696105078025,0.3021390886184492,1.8174628414660456,0.056666666666666664,Aggressive
0.47882290557452206,0.38764446630426036,3.282735023686892,0.27501652627105455,0.15886763149764616,1.448283587077271,0.3057815337362167,1.8707584211248882,0.03666666666666667,Aggressive
0.4298661191200324,0.37426852488580625,2.538031158481524,0.28710015709236353,0.16693154381910957,1.3306562035356901,0.3261854762205639,2.146989469298288,0.05,Aggressive
0.526508117124993,0.5082459572060534,2.746260559443676,0.28340392721536556,0.1505913903606713,1.1901640047236308,0.41404653037184636,2.499426861496135,0.06333333333333334,Aggressive
0.3332444393944742,0.2400024477133173,1.854715765921834,0.27434748924500146,0.12842790198925047,0.8109828563308082,0.21695040574941382,1.658127386040605,0.04666666666666667,Aggressive
0.43150671371281135,0.40978726986298736,3.870478170499148,0.28562220994534326,0.18351954890088673,1.7518216687707566,0.2680808132640225,1.5716048350825096,0.04,Aggressive
0.44878977398405234,0.3633272703691338,2.0295238374178375,0.28021122436306095,0.15145011174835737,1.2196202854241178,0.31258077918244725,1.861827665520659,0.06333333333333334,Aggressive
0.4543349359330666,0.41306572256415963,2.9112338742659256,0.2706967892497202,0.14258058582624886,0.8992109663153672,0.3386230183468655,2.5799564035644282,0.056666666666666664,Aggressive
0.455081322143908,0.3968856025130929,2.198144873617517,0.2609037357029104,0.12826500538804012,1.0742817060942078,0.3455112615392118,1.9436517114699599,0.06333333333333334,Aggressive
0.5517202721230458,0.6241116839315513,5.999173027101851,0.29783715104491365,0.1651175787937545,1.1604367717109674,0.35703016913437235,1.7854953675939353,0.03666666666666667,Aggressive
0.5016593805378502,0.4253375849206532,2.4739175880937347,0.2856891481171337,0.1744059843266792,1.1270708425129483,0.36284966269815805,2.155745731791443,0.06666666666666667,Aggressive
0.3475637892860705,0.27796637873860736,2.5343780773451035,0.26141426624210423,0.1257066983689623,0.9953576601138827,0.2536544307898101,2.3365265206319124,0.05,Aggressive
0.540143577481343,0.46667589813270555,2.2678816184497186,0.29337131231473684,0.1898981473750672,1.2967006539983799,0.37180503778318985,1.917236957904049,0.06,Aggressive
0.5045766382282334,0.42954578365218343,2.9354960158539627,0.26265190737833016,0.13828430315241222,1.0585662542321812,0.36526689565696024,2.588362669840024,0.05,Aggressive
0.4597113724535912,0.35096341557467026,1.82618822953154,0.30679046923368347,0.17434049850001482,1.328920997374909,0.287463116232757,1.5480350397983877,0.07,Aggressive
0.563972969505659,0.5197277230019193,3.3182104977907376,0.30516743558628845,0.1659411305744276,0.982831651407309,0.41549982134743135,3.114612330287076,0.05333333333333334,Aggressive
0.4341909553979114,0.3365143808805844,2.282698036829445,0.29629090963448307,0.15651449627072878,1.0639071677220975,0.2683172909453136,1.9248631822638422,0.06,Aggressive
0.5912448786023434,0.5286072442169634,3.0860589718710596,0.3139241090509739,0.19388379207082762,1.5168430666857484,0.42179224367479057,2.9033518449771125,0.06333333333333334,Aggressive
0.42358678872113764,0.34626207369386675,2.3908836540636624,0.27925039048137806,0.1389398612594329,0.9006449073578836,0.29346623221548007,1.8170244888292069,0.05333333333333334,Aggressive
0.5344902398918046,0.5304757862168044,3.1533058892163774,0.2615760090522975,0.160386597683079,1.3101147486681175,0.41168902206875013,2.726285004907724,0.056666666666666664,Aggressive
0.5111344719329426,0.4499335632636454,2.4747484247620215,0.27906915221745865,0.14906177142652394,0.9984969394714917,0.36611619434961984,2.3166469945390666,0.05333333333333334,Aggressive
0.5060303217649401,0.394182257621086,2.387495958003376,0.28045716376355057,0.1546857532292166,0.9658717327674495,0.36311000346179323,2.1820213224160634,0.06666666666666667,Aggressive
0.439854278456921,0.38437700954853393,2.6471319430163676,0.2835180620698018,0.16299594071299503,1.7381982146612782,0.31992519452669704,2.0090454802121256,0.05333333333333334,Aggressive
0.5062820699625231,0.4328184745767467,2.9396677535692124,0.26516525020366527,0.13685673436941553,1.0803818512874166,0.35299726693781647,2.7579215440292226,0.05,Aggressive
0.39739744522881715,0.2782605318551605,1.8130285102302655,0.2948095057071269,0.1834572039025287,1.4609719570881297,0.24582210881659997,1.2997958630900106,0.06,Aggressive
0.4399033395615692,0.3465475745038758,2.0904144211309243,0.2549545427096496,0.14283744971828224,1.188291215178165,0.2905983305063691,1.9109289592910468,0.06,Aggressive
0.4733707972138944,0.3825537478333266,2.472923133752333,0.277532169844598,0.13935257404872206,0.9876317315765347,0.31444475873517125,1.8124583885904637,0.05,Aggressive
0.46222333211004324,0.36664971602098256,2.2392882348864416,0.27641109504984684,0.13832037091026406,0.9528878646438267,0.3033649208509106,2.0629697341454722,0.043333333333333335,Aggressive
0.4409100168833037,0.3644814603460053,2.4101876190397302,0.33403811946438855,0.2325579131012091,1.7233559447948454,0.315701145759694,2.032461515379764,0.06,Aggressive
0.48746877376117465,0.43299242421130024,2.5552730875944207,0.294640736713526,0.14462359992608512,0.841658711299402,0.34642457829348683,2.1805057644514645,0.06333333333333334,Aggressive
0.44607015497439106,0.420048938345617,3.2741828396727337,0.27805358166686706,0.13874668064253445,0.8332312057249761,0.34620015139968496,3.1493928018902864,0.04666666666666667,Aggressive
0.47525292833015725,0.4233646724300466,3.007212708676469,0.281005068686945,0.16113689672574025,1.3835471752161888,0.35760239198159566,2.5086133402276394,0.05333333333333334,Aggressive
0.43157875648549693,0.37091400456733087,2.3607654964886833,0.2597725112485209,0.12619287843873017,0.8097091645249945,0.28758468989826486,2.076095293845918,0.056666666666666664,Aggressive
0.4889978802745655,0.4296313008054793,2.8725106223436705,0.3037896377419358,0.17179067776942422,1.2560862076435084,0.3687265321254752,2.6112700749566984,0.05333333333333334,Aggressive
0.4803161238557305,0.3683798655288436,2.1759879595709437,0.28966068520345906,0.16007306997706347,1.3486576286167853,0.33744577187632124,1.974387453680895,0.05333333333333334,Aggressive
0.45375983946504334,0.34223749375494017,2.1304934306527037,0.3008883588639838,0.1653742401405697,1.4242390088926036,0.32771362560629647,1.8587139496851464,0.05,Aggressive
0.45702971080414195,0.3975115827160951,2.6702967771367936,0.29587530281221286,0.16351364383708505,1.3250914667828306,0.29726919700412924,2.378719914230485,0.05333333333333334,Aggressive
0.3844229783191345,0.5168704182343498,6.218946668985264,0.29901248997772856,0.14858784435737513,1.2058386438571054,0.2472043150323818,1.6714131394732554,0.023333333333333334,Aggressive
0.50004237527699,0.45121200386719523,2.7646740334130073,0.3066724328622934,0.19616981550545567,1.7453144289220903,0.3821430641552788,2.6540932012883474,0.05333333333333334,Aggressive
0.4228737680057227,0.35706731304347417,2.465909929611427,0.2811531387488601,0.12954848563511673,0.9298845243350082,0.32211788915334444,2.018007934169735,0.056666666666666664,Aggressive
0.5342813704107405,0.4579127620548636,2.4655060494826726,0.2730273838776074,0.1457538880958308,1.0696589459769985,0.3869309096832917,1.9197104211274714,0.05,Aggressive
0.4177583588714191,0.4015909657551447,2.7571290873448597,0.2926126765784804,0.15160498537014738,1.1542569260549245,0.34018225413141007,2.4805931519716036,0.05,Aggressive
0.5042747806350127,0.3973691376043535,2.522757901423393,0.28592203993010573,0.1704350524750152,1.3274334727159274,0.3453394704532461,2.3524972084362656,0.06,Aggressive
0.4358058074731604,0.3853376081174751,3.449826014508914,0.2594017892592811,0.12331935837172689,0.8796238690013585,0.30630004787660325,2.7306383087244104,0.04666666666666667,Aggressive
0.3954342841044422,0.2912959757969053,1.9830522470983023,0.2737646516159418,0.16771946411581928,1.1816899536955614,0.24288382689025587,1.7628222913771332,0.056666666666666664,Aggressive
0.47599588205657045,0.39424745525589006,2.6251269039502723,0.32501082296726613,0.19445173993278647,1.2728722693623356,0.3274247310418678,2.106448183323773,0.06,Aggressive
0.4395955925788441,0.38385688450452765,2.0103004394188217,0.3018623874740702,0.1476865162222295,0.9958408120487829,0.3053491363051288,1.7149311868987591,0.06666666666666667,Aggressive
0.4550443174953095,0.39952184645668304,2.999104254527389,0.29579104050701244,0.18008737844463757,1.3224218924592968,0.32555361457226223,2.69662222252799,0.05333333333333334,Aggressive
0.5040782444518354,0.47604206090772433,3.848060069481534,0.3069027959312739,0.2123014357500711,2.128422641539471,0.32971421181983346,2.74265068938115,0.043333333333333335,Aggressive
0.4150181063177789,0.3558753215357788,2.667519838907864,0.2931189874326927,0.15007990783539488,1.0916262105244143,0.3186309622960511,2.3195799688781955,0.05,Aggressive
0.5785213395815796,0.5133330107840877,3.47311816940405,0.2872694648627522,0.1518372452489591,1.0839399698016037,0.3964879227941633,2.435152224064143,0.05,Aggressive
0.42033031007572347,0.3788062030535966,2.7999346634531976,0.27320167800774525,0.1273808044689742,1.150825985083112,0.30292423989751766,2.204844753304777,0.043333333333333335,Aggressive
0.4106250929587966,0.3300634183952876,2.5317604577955577,0.2549275092601059,0.12054631807117262,0.8041580199257441,0.31180115802264297,2.2391124717566786,0.03666666666666667,Aggressive
0.4622612259790521,0.3694858904945594,2.343631546457606,0.29718680203536757,0.1646344443696448,1.1245015686506503,0.3306514110446659,2.0879454135369375,0.043333333333333335,Aggressive
0.46351504124546844,0.4004820289893084,2.147703903534319,0.27554101646030094,0.13004899353655783,0.7244804707408339,0.3410003978804604,1.8208946241964994,0.056666666666666664,Aggressive
0.5568813910074081,0.44531497758246885,2.1237855290330043,0.2926382684517941,0.14838426771721458,1.2273941773689063,0.3929115344321615,1.898930759569926,0.06666666666666667,Aggressive
0.3707074027578766,0.3276533371542544,2.2476400520995403,0.2752784632736206,0.13587078278754988,1.0162608013406114,0.2730203333474437,2.040400898026781,0.05333333333333334,Aggressive
0.346204816470429,0.2325065495361613,1.518184236162908,0.2935428203017553,0.15961826184541983,0.9939074168781923,0.2161892379063516,1.0517012167823432,0.05333333333333334,Aggressive
0.4604219843068718,0.4130032368500606,3.1650516416107792,0.2641674689699363,0.1421561118737626,1.0214196760799006,0.32193928869770677,1.8513562621828012,0.056666666666666664,Aggressive
0.4800790238905114,0.4783379591861718,4.546242974245856,0.3061405068734768,0.15693404525973143,0.9803795499362578,0.2982007521074336,1.647565365410319,0.023333333333333334,Aggressive
0.4191244454939049,0.29627917182734453,1.7625637011459125,0.28212615013208703,0.13506854526556974,0.7500400390155144,0.27031336527539057,1.6080416460239637,0.043333333333333335,Aggressive
0.4533855160807339,0.40292047970774547,2.612214824149545,0.24738495616712877,0.11949867740169905,0.8228071624073262,0.3329006380654628,2.369816659029962,0.06333333333333334,Aggressive
0.4453866408986483,0.36893006715228416,2.4802019326737716,0.2809557759679787,0.1871024001853911,1.4787376205654033,0.3099327584260484,2.1971801936158633,0.06,Aggressive
0.48601759615903595,0.41379821271713263,3.1707229130751773,0.2851660795776843,0.1392664770888729,1.2628660859454375,0.34580036051582647,2.9448752407880723,0.056666666666666664,Aggressive
0.4462397287736746,0.3900356794866951,2.2973315895603252,0.26784123137801713,0.14417121694814047,1.131202022353913,0.31082275690052397,2.11455174462357,0.06333333333333334,Aggressive
0.443408727303602,0.36274645388584514,2.542582026603689,0.2784398633184357,0.15161768379680854,0.9982333422137077,0.30117318761864087,2.0307418780054673,0.05333333333333334,Aggressive
0.510329434164434,0.42609311527798854,2.841142108788276,0.3078045289772428,0.19711873300078325,1.6928312526258549,0.3509796737775681,2.052656574832556,0.056666666666666664,Aggressive
0.4467284444561248,0.3619089124712376,2.1821291108307976,0.29941624167935627,0.16718761930659098,1.074362078840376,0.31705658587396734,1.9184777767096817,0.05333333333333334,Aggressive
0.44000825759774176,0.35279313673675977,2.065648487098169,0.3217594939396901,0.1941538457080124,1.4445047038596308,0.29897405767313573,1.7278299546369926,0.06,Aggressive
0.4528600994258625,0.377314974258986,2.749015184445295,0.27184560030294136,0.16210696166785463,1.06617566596489,0.3275269838693205,2.4182193970266925,0.05333333333333334,Aggressive
0.46999784028305536,0.35258276057441257,2.1922052285468876,0.29093570619992754,0.15039012427703732,1.035905950936533,0.2982892798986001,1.681264625276421,0.06333333333333334,Aggressive
0.40962058881754854,0.33814812203028877,2.560206625504053,0.2779839816156187,0.1577708914723459,1.3131708452087278,0.27616888188998345,1.8846988245462715,0.04,Aggressive
0.3574859549588188,0.28221632698848204,1.8005478042861334,0.2711228510705364,0.17152687154918464,1.536870182219152,0.2403677961743226,1.6487245928187417,0.04666666666666667,Aggressive
0.5020688238015176,0.42384833062869975,2.823775342278108,0.2918144120814317,0.13835008349483865,0.9827346738630311,0.34060905279919274,2.083451970623525,0.05333333333333334,Aggressive
0.4663873131543856,0.4078007156272049,3.097892522621967,0.2875603897355789,0.17439915105342488,1.1818326481780215,0.3570085427202532,2.505886329552274,0.04666666666666667,Aggressive
0.47636868402251387,0.37573698934200406,2.0709953090030253,0.3094168523078649,0.17780580425534245,1.1279629441657681,0.3196997503013732,1.8869749137418423,0.05333333333333334,Aggressive
0.5910497509934309,0.5582417615173956,3.539308770466009,0.30736475648009626,0.1890088909633519,1.1730015853849918,0.4329819362893106,2.3868700609576585,0.056666666666666664,Aggressive
0.440722913553777,0.3369082903417039,1.8559432504610889,0.28359679826693013,0.16321778808679546,1.2122628902978605,0.2866856170812195,1.5903451095888548,0.056666666666666664,Aggressive
0.4557072358226724,0.44561445482027606,3.1549229822086926,0.33459102570945876,0.18023209640057045,1.2966096811115426,0.37409845216469434,2.6932712250158444,0.05,Aggressive
0.47505710038535803,0.4278176908702257,2.6766165833424203,0.2609353857457877,0.15566354943900865,0.960647461478099,0.35970194777284864,2.4266008378373654,0.04666666666666667,Aggressive
0.39180559486643707,0.2493538999697469,1.594990228137742,0.27662738855629293,0.14575528248494302,0.9741256875567139,0.22982087667983328,1.4128828075301303,0.043333333333333335,Aggressive
0.493119000310546,0.5704354615695237,5.755234625006207,0.26863952361735743,0.18917507519135526,2.2618742874115387,0.32413807185421234,2.2263213676504194,0.03333333333333333,Aggressive
0.4671368077659156,0.3439455032580445,1.8797212563457946,0.27010456409558276,0.15264983443185434,0.9921335651288656,0.2921169420500187,1.5806095046601238,0.06,Aggressive
0.45051505067096237,0.38171711001158853,2.6169992854411572,0.30203153035157165,0.16320921504742175,1.1629168859427728,0.30161399395566313,2.3212322632746103,0.056666666666666664,Aggressive
0.3967993239469026,0.3209632946412706,2.097559842814086,0.2695857147787309,0.13677612248618645,0.9156028713690088,0.27899933536570204,1.6854707782467677,0.07,Aggressive
0.38486410566967816,0.3431141107544527,2.546603876317298,0.2912016469430847,0.1695209525989201,1.3366867927588686,0.2803509364229675,2.347752206136496,0.05,Aggressive
0.5281037242859291,0.4352809360144775,2.5072830968824733,0.304216265033875,0.1543748297153643,1.005553825452801,0.3867460146501478,2.1803757894826044,0.056666666666666664,Aggressive
